order_id,order_datetime,customer_id,item_name,category,quantity,unit_price,total_price,payment_method,order_type
1000,2024-05-20 12:47:00,CUST0001,Naan,Bread,3,40.0,120.0,Cash,Takeaway
1001,2024-04-29 19:35:00,CUST0007,Filter Coffee,Beverages,1,60.0,60.0,UPI,Delivery
1002,2024-01-04 09:44:00,CUST0028,Dal Tadka,Main Course,1,160.0,160.0,UPI,Dine-in
1003,2024-07-02 17:51:00,CUST0004,Samosa,Starter,1,50.0,50.0,UPI,Dine-in
1004,2024-11-17 20:36:00,CUST0027,Paneer Tikka,Starter,1,180.0,180.0,Cash,Takeaway
1005,2024-02-21 20:40:00,CUST0060,Masala Dosa,Breakfast,1,120.0,120.0,Card,Takeaway
1005,2024-02-21 20:40:00,CUST0060,Gulab Jamun,Dessert,2,80.0,160.0,Card,Delivery
1006,2024-03-28 19:10:00,CUST0021,Dal Tadka,Main Course,3,160.0,480.0,Card,Delivery
1007,2024-06-15 15:14:00,CUST0022,Gulab Jamun,Dessert,1,80.0,80.0,Cash,Delivery
1007,2024-06-15 15:14:00,CUST0022,Mango Lassi,Beverages,2,90.0,180.0,UPI,Dine-in
1008,2024-11-25 20:08:00,CUST0081,Filter Coffee,Beverages,1,60.0,60.0,Card,Delivery
1009,2024-07-23 19:32:00,CUST0019,Butter Chicken,Main Course,2,280.0,560.0,Cash,Delivery
1010,2024-08-04 20:24:00,CUST0022,Samosa,Starter,1,50.0,50.0,Card,Dine-in
1010,2024-08-04 20:24:00,CUST0022,Filter Coffee,Beverages,1,60.0,60.0,Cash,Delivery
1011,2024-11-24 13:27:00,CUST0065,Butter Chicken,Main Course,3,280.0,840.0,Card,Takeaway
1012,2024-09-16 17:53:00,CUST0053,Naan,Bread,1,40.0,40.0,Cash,Delivery
1012,2024-09-16 17:53:00,CUST0053,Biryani,Main Course,3,320.0,960.0,Card,Dine-in
1013,2024-01-10 13:56:00,CUST0016,Dal Tadka,Main Course,1,160.0,160.0,Card,Dine-in
1013,2024-01-10 13:56:00,CUST0016,Biryani,Main Course,1,320.0,320.0,UPI,Dine-in
1013,2024-01-10 13:56:00,CUST0016,Butter Chicken,Main Course,3,280.0,840.0,Card,Dine-in
1014,2024-10-08 14:55:00,CUST0016,Biryani,Main Course,2,320.0,640.0,Card,Dine-in
1014,2024-10-08 14:55:00,CUST0016,Filter Coffee,Beverages,2,60.0,120.0,UPI,Delivery
1015,2024-09-21 19:14:00,CUST0087,Butter Chicken,Main Course,1,280.0,280.0,Cash,Delivery
1016,2024-12-28 19:04:00,CUST0003,Gulab Jamun,Dessert,1,80.0,80.0,UPI,Dine-in
1016,2024-12-28 19:04:00,CUST0003,Paneer Tikka,Starter,1,180.0,180.0,Card,Delivery
1016,2024-12-28 19:04:00,CUST0003,Biryani,Main Course,1,320.0,320.0,Cash,Takeaway
1017,2024-02-18 13:22:00,CUST0055,Samosa,Starter,2,50.0,100.0,Cash,Delivery
1018,2024-02-01 20:51:00,CUST0043,Biryani,Main Course,1,320.0,320.0,Cash,Takeaway
1018,2024-02-01 20:51:00,CUST0043,Naan,Bread,1,40.0,40.0,UPI,Dine-in
1018,2024-02-01 20:51:00,CUST0043,Filter Coffee,Beverages,2,60.0,120.0,Cash,Takeaway
1019,2024-01-26 08:05:00,CUST0043,Biryani,Main Course,1,320.0,320.0,Cash,Takeaway
1019,2024-01-26 08:05:00,CUST0043,Masala Dosa,Breakfast,2,120.0,240.0,Cash,Takeaway
1019,2024-01-26 08:05:00,CUST0043,Mango Lassi,Beverages,1,90.0,90.0,UPI,Takeaway
1020,2024-05-26 21:50:00,CUST0089,Samosa,Starter,1,50.0,50.0,Cash,Dine-in
1020,2024-05-26 21:50:00,CUST0089,Masala Dosa,Breakfast,1,120.0,120.0,Card,Dine-in
1021,2024-01-26 21:58:00,CUST0038,Masala Dosa,Breakfast,2,120.0,240.0,Cash,Delivery
1021,2024-01-26 21:58:00,CUST0038,Butter Chicken,Main Course,1,280.0,280.0,Cash,Takeaway
1021,2024-01-26 21:58:00,CUST0038,Paneer Tikka,Starter,1,180.0,180.0,Card,Dine-in
1022,2024-11-13 14:37:00,CUST0002,Gulab Jamun,Dessert,1,80.0,80.0,Card,Takeaway
1022,2024-11-13 14:37:00,CUST0002,Dal Tadka,Main Course,1,160.0,160.0,UPI,Dine-in
1023,2024-08-22 12:00:00,CUST0069,Naan,Bread,3,40.0,120.0,Cash,Delivery
1024,2024-03-08 15:56:00,CUST0009,Dal Tadka,Main Course,1,160.0,160.0,Card,Delivery
1025,2024-11-30 21:52:00,CUST0026,Paneer Tikka,Starter,1,180.0,180.0,Cash,Delivery
1025,2024-11-30 21:52:00,CUST0026,Masala Dosa,Breakfast,1,120.0,120.0,UPI,Takeaway
1026,2024-04-14 10:32:00,CUST0074,Butter Chicken,Main Course,1,280.0,280.0,UPI,Takeaway
1027,2024-03-07 20:10:00,CUST0011,Filter Coffee,Beverages,1,60.0,60.0,Cash,Dine-in
1027,2024-03-07 20:10:00,CUST0011,Mango Lassi,Beverages,2,90.0,180.0,Card,Dine-in
1028,2024-07-08 19:27:00,CUST0027,Dal Tadka,Main Course,1,160.0,160.0,Cash,Takeaway
1029,2024-12-07 14:56:00,CUST0008,Naan,Bread,2,40.0,80.0,Cash,Takeaway
1029,2024-12-07 14:56:00,CUST0008,Masala Dosa,Breakfast,1,120.0,120.0,Card,Takeaway
1029,2024-12-07 14:56:00,CUST0008,Biryani,Main Course,2,320.0,640.0,UPI,Delivery
1030,2024-05-16 14:06:00,CUST0062,Butter Chicken,Main Course,2,280.0,560.0,Cash,Dine-in
1031,2024-06-28 12:14:00,CUST0089,Biryani,Main Course,1,320.0,320.0,UPI,Dine-in
1032,2024-06-28 20:43:00,CUST0066,Filter Coffee,Beverages,1,60.0,60.0,UPI,Dine-in
1032,2024-06-28 20:43:00,CUST0066,Gulab Jamun,Dessert,1,80.0,80.0,UPI,Dine-in
1032,2024-06-28 20:43:00,CUST0066,Butter Chicken,Main Course,1,280.0,280.0,UPI,Takeaway
1033,2024-08-11 21:07:00,CUST0071,Naan,Bread,1,40.0,40.0,Cash,Delivery
1034,2024-10-02 09:23:00,CUST0017,Gulab Jamun,Dessert,1,80.0,80.0,Card,Dine-in
1035,2024-09-16 13:20:00,CUST0069,Dal Tadka,Main Course,1,160.0,160.0,Cash,Takeaway
1036,2024-12-12 09:39:00,CUST0079,Mango Lassi,Beverages,2,90.0,180.0,UPI,Takeaway
1036,2024-12-12 09:39:00,CUST0079,Filter Coffee,Beverages,1,60.0,60.0,Card,Delivery
1037,2024-08-14 19:32:00,CUST0090,Masala Dosa,Breakfast,1,120.0,120.0,UPI,Delivery
1038,2024-02-17 16:43:00,CUST0073,Biryani,Main Course,1,320.0,320.0,Cash,Dine-in
1039,2024-08-21 21:36:00,CUST0040,Mango Lassi,Beverages,1,90.0,90.0,Cash,Dine-in
1040,2024-02-24 09:11:00,CUST0031,Filter Coffee,Beverages,1,60.0,60.0,Cash,Dine-in
1040,2024-02-24 09:11:00,CUST0031,Samosa,Starter,1,50.0,50.0,UPI,Delivery
1041,2024-10-31 13:39:00,CUST0018,Filter Coffee,Beverages,2,60.0,120.0,Card,Takeaway
1041,2024-10-31 13:39:00,CUST0018,Mango Lassi,Beverages,2,90.0,180.0,Card,Takeaway
1042,2024-05-06 17:49:00,CUST0025,Samosa,Starter,1,50.0,50.0,Cash,Delivery
1042,2024-05-06 17:49:00,CUST0025,Biryani,Main Course,1,320.0,320.0,UPI,Takeaway
1043,2024-02-11 12:24:00,CUST0018,Biryani,Main Course,1,320.0,320.0,UPI,Delivery
1043,2024-02-11 12:24:00,CUST0018,Paneer Tikka,Starter,1,180.0,180.0,Cash,Dine-in
1044,2024-10-26 15:54:00,CUST0080,Naan,Bread,1,40.0,40.0,UPI,Takeaway
1044,2024-10-26 15:54:00,CUST0080,Mango Lassi,Beverages,2,90.0,180.0,UPI,Delivery
1044,2024-10-26 15:54:00,CUST0080,Samosa,Starter,2,50.0,100.0,Card,Delivery
1045,2024-04-22 13:01:00,CUST0093,Mango Lassi,Beverages,2,90.0,180.0,UPI,Dine-in
1046,2024-01-14 15:05:00,CUST0099,Masala Dosa,Breakfast,1,120.0,120.0,UPI,Takeaway
1046,2024-01-14 15:05:00,CUST0099,Samosa,Starter,1,50.0,50.0,UPI,Takeaway
1047,2024-07-13 13:16:00,CUST0029,Samosa,Starter,2,50.0,100.0,Cash,Takeaway
1047,2024-07-13 13:16:00,CUST0029,Butter Chicken,Main Course,1,280.0,280.0,Cash,Delivery
1048,2024-05-06 12:39:00,CUST0001,Masala Dosa,Breakfast,1,120.0,120.0,Cash,Delivery
1049,2024-12-24 13:10:00,CUST0090,Paneer Tikka,Starter,3,180.0,540.0,Cash,Delivery
1049,2024-12-24 13:10:00,CUST0090,Masala Dosa,Breakfast,1,120.0,120.0,UPI,Delivery
1050,2024-07-22 16:04:00,CUST0079,Biryani,Main Course,1,320.0,320.0,UPI,Delivery
1050,2024-07-22 16:04:00,CUST0079,Paneer Tikka,Starter,1,180.0,180.0,Cash,Delivery
1051,2024-09-29 20:04:00,CUST0075,Gulab Jamun,Dessert,2,80.0,160.0,UPI,Dine-in
1051,2024-09-29 20:04:00,CUST0075,Butter Chicken,Main Course,1,280.0,280.0,UPI,Delivery
1052,2024-12-28 12:46:00,CUST0089,Dal Tadka,Main Course,2,160.0,320.0,UPI,Takeaway
1052,2024-12-28 12:46:00,CUST0089,Filter Coffee,Beverages,2,60.0,120.0,Card,Takeaway
1053,2024-02-14 13:15:00,CUST0008,Naan,Bread,1,40.0,40.0,UPI,Takeaway
1053,2024-02-14 13:15:00,CUST0008,Mango Lassi,Beverages,1,90.0,90.0,Cash,Takeaway
1054,2024-05-23 17:35:00,CUST0074,Biryani,Main Course,1,320.0,320.0,Card,Takeaway
1055,2024-05-03 11:28:00,CUST0025,Paneer Tikka,Starter,1,180.0,180.0,Card,Dine-in
1055,2024-05-03 11:28:00,CUST0025,Dal Tadka,Main Course,1,160.0,160.0,Card,Takeaway
1056,2024-06-25 21:35:00,CUST0017,Samosa,Starter,1,50.0,50.0,UPI,Dine-in
1057,2024-06-10 14:48:00,CUST0007,Biryani,Main Course,2,320.0,640.0,UPI,Delivery
1057,2024-06-10 14:48:00,CUST0007,Naan,Bread,1,40.0,40.0,Card,Delivery
1058,2024-04-09 13:11:00,CUST0004,Filter Coffee,Beverages,1,60.0,60.0,Cash,Dine-in
1059,2024-03-05 20:06:00,CUST0023,Naan,Bread,1,40.0,40.0,UPI,Dine-in
1059,2024-03-05 20:06:00,CUST0023,Dal Tadka,Main Course,3,160.0,480.0,UPI,Takeaway
1059,2024-03-05 20:06:00,CUST0023,Samosa,Starter,1,50.0,50.0,Cash,Takeaway
1060,2024-11-18 09:09:00,CUST0019,Dal Tadka,Main Course,3,160.0,480.0,Cash,Delivery
1060,2024-11-18 09:09:00,CUST0019,Paneer Tikka,Starter,2,180.0,360.0,Card,Delivery
1061,2024-09-24 20:19:00,CUST0059,Mango Lassi,Beverages,1,90.0,90.0,Card,Dine-in
1061,2024-09-24 20:19:00,CUST0059,Dal Tadka,Main Course,2,160.0,320.0,Cash,Delivery
1061,2024-09-24 20:19:00,CUST0059,Butter Chicken,Main Course,1,280.0,280.0,Card,Dine-in
1062,2024-10-09 12:26:00,CUST0006,Naan,Bread,1,40.0,40.0,Cash,Dine-in
1063,2024-12-25 15:43:00,CUST0010,Dal Tadka,Main Course,2,160.0,320.0,Card,Delivery
1064,2024-08-05 12:41:00,CUST0056,Dal Tadka,Main Course,2,160.0,320.0,Cash,Dine-in
1065,2024-10-31 10:28:00,CUST0010,Dal Tadka,Main Course,1,160.0,160.0,UPI,Delivery
1066,2024-02-11 20:47:00,CUST0015,Dal Tadka,Main Course,1,160.0,160.0,Cash,Delivery
1067,2024-12-10 15:48:00,CUST0033,Samosa,Starter,1,50.0,50.0,UPI,Dine-in
1067,2024-12-10 15:48:00,CUST0033,Filter Coffee,Beverages,3,60.0,180.0,UPI,Delivery
1068,2024-08-28 13:20:00,CUST0042,Masala Dosa,Breakfast,1,120.0,120.0,UPI,Takeaway
1068,2024-08-28 13:20:00,CUST0042,Gulab Jamun,Dessert,1,80.0,80.0,UPI,Delivery
1069,2024-06-10 12:49:00,CUST0003,Filter Coffee,Beverages,2,60.0,120.0,Cash,Delivery
1070,2024-07-30 14:23:00,CUST0090,Samosa,Starter,2,50.0,100.0,Cash,Takeaway
1070,2024-07-30 14:23:00,CUST0090,Naan,Bread,1,40.0,40.0,UPI,Takeaway
1071,2024-03-03 14:38:00,CUST0093,Masala Dosa,Breakfast,1,120.0,120.0,Card,Takeaway
1071,2024-03-03 14:38:00,CUST0093,Dal Tadka,Main Course,1,160.0,160.0,Cash,Takeaway
1072,2024-09-12 17:32:00,CUST0050,Mango Lassi,Beverages,3,90.0,270.0,Cash,Takeaway
1072,2024-09-12 17:32:00,CUST0050,Samosa,Starter,1,50.0,50.0,UPI,Dine-in
1073,2024-03-10 17:49:00,CUST0096,Mango Lassi,Beverages,2,90.0,180.0,Card,Takeaway
1073,2024-03-10 17:49:00,CUST0096,Gulab Jamun,Dessert,2,80.0,160.0,UPI,Delivery
1074,2024-10-23 18:55:00,CUST0019,Filter Coffee,Beverages,1,60.0,60.0,UPI,Delivery
1075,2024-08-21 16:44:00,CUST0079,Mango Lassi,Beverages,1,90.0,90.0,UPI,Dine-in
1076,2024-12-27 18:24:00,CUST0016,Masala Dosa,Breakfast,1,120.0,120.0,Card,Takeaway
1076,2024-12-27 18:24:00,CUST0016,Samosa,Starter,2,50.0,100.0,UPI,Dine-in
1076,2024-12-27 18:24:00,CUST0016,Butter Chicken,Main Course,1,280.0,280.0,UPI,Dine-in
1077,2024-12-01 15:30:00,CUST0083,Dal Tadka,Main Course,1,160.0,160.0,UPI,Delivery
1077,2024-12-01 15:30:00,CUST0083,Gulab Jamun,Dessert,1,80.0,80.0,UPI,Delivery
1078,2024-06-11 20:55:00,CUST0079,Naan,Bread,1,40.0,40.0,Card,Takeaway
1078,2024-06-11 20:55:00,CUST0079,Paneer Tikka,Starter,3,180.0,540.0,Card,Dine-in
1079,2024-11-20 08:28:00,CUST0004,Dal Tadka,Main Course,2,160.0,320.0,Cash,Takeaway
1080,2024-07-02 19:15:00,CUST0068,Naan,Bread,1,40.0,40.0,Cash,Delivery
1080,2024-07-02 19:15:00,CUST0068,Masala Dosa,Breakfast,2,120.0,240.0,Card,Delivery
1081,2024-10-25 13:40:00,CUST0030,Dal Tadka,Main Course,1,160.0,160.0,UPI,Takeaway
1082,2024-02-07 20:37:00,CUST0051,Mango Lassi,Beverages,1,90.0,90.0,UPI,Takeaway
1083,2024-09-04 13:36:00,CUST0013,Dal Tadka,Main Course,3,160.0,480.0,UPI,Dine-in
1084,2024-05-20 14:49:00,CUST0081,Butter Chicken,Main Course,2,280.0,560.0,UPI,Dine-in
1084,2024-05-20 14:49:00,CUST0081,Samosa,Starter,1,50.0,50.0,UPI,Dine-in
1085,2024-12-13 09:40:00,CUST0063,Butter Chicken,Main Course,1,280.0,280.0,UPI,Dine-in
1086,2024-03-08 13:20:00,CUST0024,Masala Dosa,Breakfast,1,120.0,120.0,Card,Takeaway
1086,2024-03-08 13:20:00,CUST0024,Biryani,Main Course,1,320.0,320.0,UPI,Dine-in
1087,2024-09-03 17:47:00,CUST0027,Paneer Tikka,Starter,1,180.0,180.0,Cash,Delivery
1087,2024-09-03 17:47:00,CUST0027,Samosa,Starter,2,50.0,100.0,UPI,Delivery
1087,2024-09-03 17:47:00,CUST0027,Naan,Bread,1,40.0,40.0,UPI,Dine-in
1088,2024-08-20 21:43:00,CUST0004,Mango Lassi,Beverages,2,90.0,180.0,UPI,Dine-in
1089,2024-01-13 21:20:00,CUST0091,Biryani,Main Course,2,320.0,640.0,UPI,Delivery
1089,2024-01-13 21:20:00,CUST0091,Paneer Tikka,Starter,1,180.0,180.0,Cash,Dine-in
1089,2024-01-13 21:20:00,CUST0091,Samosa,Starter,2,50.0,100.0,UPI,Takeaway
1090,2024-10-02 13:23:00,CUST0008,Filter Coffee,Beverages,1,60.0,60.0,Card,Dine-in
1090,2024-10-02 13:23:00,CUST0008,Mango Lassi,Beverages,2,90.0,180.0,Card,Dine-in
1091,2024-05-23 13:13:00,CUST0083,Biryani,Main Course,2,320.0,640.0,Cash,Delivery
1092,2024-11-26 20:17:00,CUST0029,Paneer Tikka,Starter,2,180.0,360.0,UPI,Dine-in
1093,2024-01-26 09:08:00,CUST0033,Biryani,Main Course,2,320.0,640.0,Card,Dine-in
1093,2024-01-26 09:08:00,CUST0033,Paneer Tikka,Starter,1,180.0,180.0,Cash,Takeaway
1094,2024-05-21 16:08:00,CUST0031,Masala Dosa,Breakfast,1,120.0,120.0,Cash,Dine-in
1094,2024-05-21 16:08:00,CUST0031,Paneer Tikka,Starter,1,180.0,180.0,Cash,Delivery
1095,2024-05-15 14:26:00,CUST0006,Paneer Tikka,Starter,1,180.0,180.0,UPI,Delivery
1095,2024-05-15 14:26:00,CUST0006,Samosa,Starter,1,50.0,50.0,UPI,Delivery
1096,2024-01-23 10:29:00,CUST0020,Butter Chicken,Main Course,3,280.0,840.0,UPI,Takeaway
1096,2024-01-23 10:29:00,CUST0020,Naan,Bread,1,40.0,40.0,UPI,Delivery
1097,2024-02-11 12:04:00,CUST0040,Naan,Bread,1,40.0,40.0,Card,Delivery
1098,2024-09-28 14:38:00,CUST0020,Paneer Tikka,Starter,2,180.0,360.0,Card,Delivery
1099,2024-08-08 19:26:00,CUST0058,Samosa,Starter,1,50.0,50.0,Card,Dine-in
1100,2024-12-06 12:43:00,CUST0011,Paneer Tikka,Starter,1,180.0,180.0,Cash,Delivery
1100,2024-12-06 12:43:00,CUST0011,Naan,Bread,2,40.0,80.0,Cash,Delivery
1100,2024-12-06 12:43:00,CUST0011,Filter Coffee,Beverages,1,60.0,60.0,Card,Delivery
1101,2024-07-29 21:48:00,CUST0004,Butter Chicken,Main Course,3,280.0,840.0,Card,Takeaway
1102,2024-09-16 14:30:00,CUST0019,Paneer Tikka,Starter,1,180.0,180.0,Card,Takeaway
1103,2024-10-20 13:54:00,CUST0009,Naan,Bread,1,40.0,40.0,Card,Delivery
1103,2024-10-20 13:54:00,CUST0009,Filter Coffee,Beverages,1,60.0,60.0,Cash,Takeaway
1104,2024-06-22 19:55:00,CUST0070,Mango Lassi,Beverages,1,90.0,90.0,Card,Delivery
1105,2024-09-28 13:29:00,CUST0042,Gulab Jamun,Dessert,1,80.0,80.0,UPI,Delivery
1106,2024-01-27 14:03:00,CUST0029,Dal Tadka,Main Course,1,160.0,160.0,UPI,Delivery
1106,2024-01-27 14:03:00,CUST0029,Samosa,Starter,1,50.0,50.0,UPI,Dine-in
1107,2024-06-25 20:43:00,CUST0045,Samosa,Starter,1,50.0,50.0,Cash,Dine-in
1107,2024-06-25 20:43:00,CUST0045,Filter Coffee,Beverages,1,60.0,60.0,Card,Dine-in
1108,2024-04-18 10:18:00,CUST0010,Butter Chicken,Main Course,1,280.0,280.0,UPI,Dine-in
1109,2024-12-26 14:53:00,CUST0018,Gulab Jamun,Dessert,1,80.0,80.0,Card,Dine-in
1109,2024-12-26 14:53:00,CUST0018,Paneer Tikka,Starter,1,180.0,180.0,UPI,Dine-in
1110,2024-10-20 21:26:00,CUST0085,Mango Lassi,Beverages,1,90.0,90.0,UPI,Dine-in
1111,2024-12-19 15:27:00,CUST0089,Biryani,Main Course,1,320.0,320.0,Card,Dine-in
1111,2024-12-19 15:27:00,CUST0089,Mango Lassi,Beverages,1,90.0,90.0,UPI,Delivery
1112,2024-03-27 14:07:00,CUST0011,Biryani,Main Course,1,320.0,320.0,Card,Dine-in
1112,2024-03-27 14:07:00,CUST0011,Gulab Jamun,Dessert,1,80.0,80.0,Cash,Takeaway
1113,2024-03-19 08:11:00,CUST0020,Samosa,Starter,1,50.0,50.0,Card,Delivery
1113,2024-03-19 08:11:00,CUST0020,Naan,Bread,1,40.0,40.0,Card,Takeaway
1113,2024-03-19 08:11:00,CUST0020,Filter Coffee,Beverages,2,60.0,120.0,Card,Takeaway
1114,2024-08-28 20:50:00,CUST0003,Butter Chicken,Main Course,1,280.0,280.0,Cash,Takeaway
1115,2024-01-30 20:04:00,CUST0002,Paneer Tikka,Starter,1,180.0,180.0,Card,Delivery
1115,2024-01-30 20:04:00,CUST0002,Filter Coffee,Beverages,3,60.0,180.0,Card,Dine-in
1116,2024-10-19 10:38:00,CUST0026,Masala Dosa,Breakfast,3,120.0,360.0,UPI,Dine-in
1117,2024-12-31 14:11:00,CUST0074,Samosa,Starter,3,50.0,150.0,Card,Delivery
1118,2024-07-09 18:26:00,CUST0077,Naan,Bread,2,40.0,80.0,Card,Takeaway
1118,2024-07-09 18:26:00,CUST0077,Butter Chicken,Main Course,1,280.0,280.0,Cash,Delivery
1119,2024-05-09 09:21:00,CUST0067,Masala Dosa,Breakfast,2,120.0,240.0,UPI,Delivery
1120,2024-03-07 19:19:00,CUST0081,Gulab Jamun,Dessert,1,80.0,80.0,Card,Delivery
1120,2024-03-07 19:19:00,CUST0081,Masala Dosa,Breakfast,2,120.0,240.0,Cash,Delivery
1121,2024-07-04 13:11:00,CUST0096,Gulab Jamun,Dessert,1,80.0,80.0,Cash,Dine-in
1121,2024-07-04 13:11:00,CUST0096,Samosa,Starter,1,50.0,50.0,Cash,Delivery
1121,2024-07-04 13:11:00,CUST0096,Biryani,Main Course,2,320.0,640.0,Card,Delivery
1122,2024-11-12 13:09:00,CUST0011,Naan,Bread,2,40.0,80.0,Cash,Delivery
1123,2024-07-05 09:28:00,CUST0014,Samosa,Starter,1,50.0,50.0,UPI,Takeaway
1123,2024-07-05 09:28:00,CUST0014,Biryani,Main Course,2,320.0,640.0,Cash,Takeaway
1124,2024-08-24 11:32:00,CUST0087,Masala Dosa,Breakfast,2,120.0,240.0,Cash,Takeaway
1124,2024-08-24 11:32:00,CUST0087,Biryani,Main Course,1,320.0,320.0,UPI,Takeaway
1125,2024-12-30 15:18:00,CUST0004,Masala Dosa,Breakfast,1,120.0,120.0,Card,Dine-in
1126,2024-04-23 17:59:00,CUST0042,Butter Chicken,Main Course,1,280.0,280.0,UPI,Dine-in
1127,2024-07-10 13:59:00,CUST0003,Gulab Jamun,Dessert,2,80.0,160.0,Cash,Dine-in
1128,2024-08-29 09:48:00,CUST0027,Samosa,Starter,2,50.0,100.0,Cash,Takeaway
1128,2024-08-29 09:48:00,CUST0027,Butter Chicken,Main Course,1,280.0,280.0,Cash,Delivery
1129,2024-08-04 13:15:00,CUST0098,Butter Chicken,Main Course,1,280.0,280.0,Card,Delivery
1130,2024-09-12 19:40:00,CUST0004,Biryani,Main Course,1,320.0,320.0,Cash,Delivery
1130,2024-09-12 19:40:00,CUST0004,Masala Dosa,Breakfast,1,120.0,120.0,Card,Takeaway
1131,2024-02-13 20:04:00,CUST0022,Filter Coffee,Beverages,1,60.0,60.0,UPI,Dine-in
1131,2024-02-13 20:04:00,CUST0022,Naan,Bread,1,40.0,40.0,UPI,Takeaway
1131,2024-02-13 20:04:00,CUST0022,Butter Chicken,Main Course,2,280.0,560.0,UPI,Dine-in
1132,2024-12-02 21:47:00,CUST0024,Masala Dosa,Breakfast,1,120.0,120.0,UPI,Delivery
1132,2024-12-02 21:47:00,CUST0024,Butter Chicken,Main Course,1,280.0,280.0,Card,Takeaway
1133,2024-11-19 12:04:00,CUST0092,Samosa,Starter,1,50.0,50.0,Cash,Dine-in
1133,2024-11-19 12:04:00,CUST0092,Butter Chicken,Main Course,2,280.0,560.0,UPI,Takeaway
1134,2024-10-05 19:48:00,CUST0027,Dal Tadka,Main Course,2,160.0,320.0,Cash,Delivery
1134,2024-10-05 19:48:00,CUST0027,Gulab Jamun,Dessert,1,80.0,80.0,Cash,Takeaway
1135,2024-08-13 18:21:00,CUST0013,Samosa,Starter,2,50.0,100.0,Card,Takeaway
1135,2024-08-13 18:21:00,CUST0013,Naan,Bread,2,40.0,80.0,Card,Takeaway
1135,2024-08-13 18:21:00,CUST0013,Gulab Jamun,Dessert,1,80.0,80.0,Card,Dine-in
1136,2024-02-22 14:18:00,CUST0011,Naan,Bread,2,40.0,80.0,Cash,Delivery
1137,2024-01-22 10:39:00,CUST0015,Dal Tadka,Main Course,1,160.0,160.0,UPI,Takeaway
1137,2024-01-22 10:39:00,CUST0015,Butter Chicken,Main Course,1,280.0,280.0,Card,Delivery
1137,2024-01-22 10:39:00,CUST0015,Paneer Tikka,Starter,1,180.0,180.0,Cash,Dine-in
1138,2024-01-18 12:49:00,CUST0087,Gulab Jamun,Dessert,2,80.0,160.0,Cash,Delivery
1138,2024-01-18 12:49:00,CUST0087,Mango Lassi,Beverages,1,90.0,90.0,UPI,Takeaway
1139,2024-02-09 21:23:00,CUST0025,Dal Tadka,Main Course,1,160.0,160.0,Cash,Dine-in
1140,2024-09-22 21:07:00,CUST0094,Dal Tadka,Main Course,2,160.0,320.0,Cash,Delivery
1141,2024-09-08 12:54:00,CUST0030,Masala Dosa,Breakfast,2,120.0,240.0,UPI,Dine-in
1142,2024-12-07 12:35:00,CUST0071,Dal Tadka,Main Course,2,160.0,320.0,Card,Delivery
1142,2024-12-07 12:35:00,CUST0071,Masala Dosa,Breakfast,1,120.0,120.0,UPI,Delivery
1143,2024-03-12 13:01:00,CUST0007,Naan,Bread,1,40.0,40.0,Card,Dine-in
1144,2024-02-03 14:46:00,CUST0042,Mango Lassi,Beverages,2,90.0,180.0,Card,Dine-in
1145,2024-11-24 13:43:00,CUST0011,Masala Dosa,Breakfast,1,120.0,120.0,Cash,Dine-in
1145,2024-11-24 13:43:00,CUST0011,Filter Coffee,Beverages,1,60.0,60.0,Cash,Dine-in
1146,2024-03-25 14:14:00,CUST0010,Filter Coffee,Beverages,2,60.0,120.0,Cash,Takeaway
1147,2024-05-20 13:39:00,CUST0018,Filter Coffee,Beverages,1,60.0,60.0,Card,Dine-in
1147,2024-05-20 13:39:00,CUST0018,Masala Dosa,Breakfast,1,120.0,120.0,Card,Delivery
1148,2024-10-15 12:05:00,CUST0074,Naan,Bread,1,40.0,40.0,Cash,Delivery
1149,2024-01-16 21:34:00,CUST0021,Dal Tadka,Main Course,1,160.0,160.0,Card,Takeaway
1150,2024-12-18 13:26:00,CUST0003,Biryani,Main Course,1,320.0,320.0,Cash,Takeaway
1151,2024-06-25 16:48:00,CUST0071,Filter Coffee,Beverages,1,60.0,60.0,Cash,Takeaway
1152,2024-05-06 12:18:00,CUST0015,Naan,Bread,3,40.0,120.0,Cash,Takeaway
1152,2024-05-06 12:18:00,CUST0015,Mango Lassi,Beverages,2,90.0,180.0,Card,Takeaway
1152,2024-05-06 12:18:00,CUST0015,Biryani,Main Course,1,320.0,320.0,Cash,Takeaway
1153,2024-09-12 18:01:00,CUST0090,Mango Lassi,Beverages,1,90.0,90.0,Cash,Dine-in
1154,2024-01-26 14:56:00,CUST0002,Samosa,Starter,1,50.0,50.0,Cash,Takeaway
1154,2024-01-26 14:56:00,CUST0002,Dal Tadka,Main Course,1,160.0,160.0,UPI,Delivery
1155,2024-07-06 12:36:00,CUST0013,Gulab Jamun,Dessert,1,80.0,80.0,UPI,Delivery
1155,2024-07-06 12:36:00,CUST0013,Filter Coffee,Beverages,1,60.0,60.0,Card,Takeaway
1156,2024-03-06 18:23:00,CUST0046,Gulab Jamun,Dessert,2,80.0,160.0,Cash,Dine-in
1156,2024-03-06 18:23:00,CUST0046,Filter Coffee,Beverages,1,60.0,60.0,UPI,Delivery
1157,2024-03-11 11:33:00,CUST0002,Naan,Bread,2,40.0,80.0,Cash,Takeaway
1158,2024-03-24 21:47:00,CUST0071,Naan,Bread,1,40.0,40.0,Card,Delivery
1158,2024-03-24 21:47:00,CUST0071,Gulab Jamun,Dessert,1,80.0,80.0,Card,Takeaway
1159,2024-07-07 12:26:00,CUST0001,Butter Chicken,Main Course,1,280.0,280.0,Card,Delivery
1159,2024-07-07 12:26:00,CUST0001,Samosa,Starter,1,50.0,50.0,Card,Dine-in
1160,2024-09-25 21:49:00,CUST0006,Masala Dosa,Breakfast,1,120.0,120.0,Card,Dine-in
1160,2024-09-25 21:49:00,CUST0006,Biryani,Main Course,1,320.0,320.0,UPI,Takeaway
1161,2024-12-19 14:49:00,CUST0014,Samosa,Starter,2,50.0,100.0,Card,Dine-in
1161,2024-12-19 14:49:00,CUST0014,Butter Chicken,Main Course,1,280.0,280.0,Card,Takeaway
1162,2024-03-29 21:21:00,CUST0011,Dal Tadka,Main Course,1,160.0,160.0,Cash,Takeaway
1162,2024-03-29 21:21:00,CUST0011,Samosa,Starter,1,50.0,50.0,Cash,Takeaway
1163,2024-12-19 10:30:00,CUST0057,Dal Tadka,Main Course,1,160.0,160.0,Card,Delivery
1164,2024-07-21 16:18:00,CUST0029,Paneer Tikka,Starter,1,180.0,180.0,UPI,Delivery
1165,2024-04-19 14:17:00,CUST0016,Dal Tadka,Main Course,1,160.0,160.0,Card,Dine-in
1165,2024-04-19 14:17:00,CUST0016,Masala Dosa,Breakfast,1,120.0,120.0,Card,Delivery
1165,2024-04-19 14:17:00,CUST0016,Paneer Tikka,Starter,1,180.0,180.0,Cash,Dine-in
1166,2024-08-29 12:00:00,CUST0011,Masala Dosa,Breakfast,1,120.0,120.0,Cash,Takeaway
1166,2024-08-29 12:00:00,CUST0011,Mango Lassi,Beverages,1,90.0,90.0,Card,Dine-in
1166,2024-08-29 12:00:00,CUST0011,Samosa,Starter,2,50.0,100.0,Cash,Delivery
1167,2024-01-20 16:26:00,CUST0018,Masala Dosa,Breakfast,2,120.0,240.0,Cash,Delivery
1167,2024-01-20 16:26:00,CUST0018,Butter Chicken,Main Course,3,280.0,840.0,UPI,Dine-in
1167,2024-01-20 16:26:00,CUST0018,Mango Lassi,Beverages,1,90.0,90.0,Card,Delivery
1168,2024-05-25 21:34:00,CUST0011,Masala Dosa,Breakfast,1,120.0,120.0,Cash,Dine-in
1168,2024-05-25 21:34:00,CUST0011,Filter Coffee,Beverages,1,60.0,60.0,Card,Takeaway
1169,2024-01-08 10:36:00,CUST0054,Biryani,Main Course,1,320.0,320.0,Card,Takeaway
1169,2024-01-08 10:36:00,CUST0054,Masala Dosa,Breakfast,2,120.0,240.0,Card,Takeaway
1170,2024-02-18 12:30:00,CUST0022,Biryani,Main Course,1,320.0,320.0,UPI,Dine-in
1171,2024-06-17 14:36:00,CUST0009,Gulab Jamun,Dessert,1,80.0,80.0,Cash,Delivery
1172,2024-03-22 21:59:00,CUST0010,Dal Tadka,Main Course,1,160.0,160.0,Cash,Dine-in
1172,2024-03-22 21:59:00,CUST0010,Paneer Tikka,Starter,3,180.0,540.0,UPI,Dine-in
1172,2024-03-22 21:59:00,CUST0010,Naan,Bread,1,40.0,40.0,Card,Takeaway
1173,2024-08-29 09:48:00,CUST0018,Naan,Bread,2,40.0,80.0,Cash,Delivery
1174,2024-07-04 14:07:00,CUST0023,Filter Coffee,Beverages,2,60.0,120.0,Cash,Delivery
1175,2024-06-16 18:07:00,CUST0006,Naan,Bread,1,40.0,40.0,Card,Takeaway
1175,2024-06-16 18:07:00,CUST0006,Samosa,Starter,2,50.0,100.0,UPI,Dine-in
1176,2024-10-15 13:43:00,CUST0015,Butter Chicken,Main Course,1,280.0,280.0,Cash,Delivery
1176,2024-10-15 13:43:00,CUST0015,Mango Lassi,Beverages,1,90.0,90.0,Cash,Dine-in
1177,2024-02-02 19:59:00,CUST0023,Samosa,Starter,1,50.0,50.0,Cash,Delivery
1177,2024-02-02 19:59:00,CUST0023,Butter Chicken,Main Course,3,280.0,840.0,Card,Takeaway
1177,2024-02-02 19:59:00,CUST0023,Dal Tadka,Main Course,1,160.0,160.0,UPI,Takeaway
1178,2024-07-11 14:55:00,CUST0079,Gulab Jamun,Dessert,1,80.0,80.0,Card,Takeaway
1178,2024-07-11 14:55:00,CUST0079,Paneer Tikka,Starter,1,180.0,180.0,Card,Dine-in
1179,2024-06-01 21:34:00,CUST0033,Mango Lassi,Beverages,2,90.0,180.0,Cash,Takeaway
1180,2024-04-06 15:02:00,CUST0009,Mango Lassi,Beverages,1,90.0,90.0,Cash,Dine-in
1180,2024-04-06 15:02:00,CUST0009,Butter Chicken,Main Course,1,280.0,280.0,UPI,Delivery
1181,2024-05-05 11:28:00,CUST0037,Biryani,Main Course,2,320.0,640.0,Cash,Dine-in
1182,2024-04-29 17:36:00,CUST0010,Gulab Jamun,Dessert,1,80.0,80.0,Cash,Delivery
1182,2024-04-29 17:36:00,CUST0010,Biryani,Main Course,1,320.0,320.0,UPI,Takeaway
1183,2024-10-29 16:40:00,CUST0018,Filter Coffee,Beverages,1,60.0,60.0,UPI,Delivery
1183,2024-10-29 16:40:00,CUST0018,Samosa,Starter,1,50.0,50.0,Card,Takeaway
1184,2024-03-17 12:48:00,CUST0083,Biryani,Main Course,1,320.0,320.0,Card,Dine-in
1184,2024-03-17 12:48:00,CUST0083,Naan,Bread,2,40.0,80.0,Cash,Delivery
1185,2024-10-12 20:15:00,CUST0014,Gulab Jamun,Dessert,1,80.0,80.0,UPI,Takeaway
1186,2024-04-07 13:43:00,CUST0024,Butter Chicken,Main Course,1,280.0,280.0,Card,Delivery
1186,2024-04-07 13:43:00,CUST0024,Paneer Tikka,Starter,1,180.0,180.0,Cash,Takeaway
1187,2024-06-19 12:13:00,CUST0030,Paneer Tikka,Starter,1,180.0,180.0,Card,Dine-in
1187,2024-06-19 12:13:00,CUST0030,Samosa,Starter,1,50.0,50.0,Cash,Delivery
1187,2024-06-19 12:13:00,CUST0030,Biryani,Main Course,1,320.0,320.0,UPI,Takeaway
1188,2024-07-02 13:32:00,CUST0021,Samosa,Starter,2,50.0,100.0,UPI,Dine-in
1188,2024-07-02 13:32:00,CUST0021,Paneer Tikka,Starter,1,180.0,180.0,UPI,Dine-in
1188,2024-07-02 13:32:00,CUST0021,Naan,Bread,1,40.0,40.0,Cash,Delivery
1189,2024-10-10 18:18:00,CUST0009,Gulab Jamun,Dessert,1,80.0,80.0,Card,Dine-in
1190,2024-12-16 13:46:00,CUST0021,Samosa,Starter,1,50.0,50.0,UPI,Dine-in
1190,2024-12-16 13:46:00,CUST0021,Naan,Bread,1,40.0,40.0,Card,Takeaway
1191,2024-10-04 15:33:00,CUST0029,Paneer Tikka,Starter,2,180.0,360.0,Card,Dine-in
1192,2024-03-11 16:04:00,CUST0083,Butter Chicken,Main Course,1,280.0,280.0,UPI,Dine-in
1192,2024-03-11 16:04:00,CUST0083,Biryani,Main Course,1,320.0,320.0,Card,Delivery
1193,2024-01-09 14:26:00,CUST0093,Filter Coffee,Beverages,2,60.0,120.0,Card,Takeaway
1194,2024-12-23 09:06:00,CUST0027,Filter Coffee,Beverages,1,60.0,60.0,Card,Takeaway
1194,2024-12-23 09:06:00,CUST0027,Masala Dosa,Breakfast,2,120.0,240.0,UPI,Takeaway
1194,2024-12-23 09:06:00,CUST0027,Biryani,Main Course,1,320.0,320.0,UPI,Takeaway
1195,2024-04-25 12:41:00,CUST0023,Butter Chicken,Main Course,1,280.0,280.0,Card,Takeaway
1195,2024-04-25 12:41:00,CUST0023,Paneer Tikka,Starter,1,180.0,180.0,Cash,Delivery
1195,2024-04-25 12:41:00,CUST0023,Mango Lassi,Beverages,1,90.0,90.0,UPI,Takeaway
1196,2024-10-16 15:57:00,CUST0073,Butter Chicken,Main Course,1,280.0,280.0,Card,Delivery
1196,2024-10-16 15:57:00,CUST0073,Biryani,Main Course,1,320.0,320.0,Cash,Dine-in
1197,2024-10-05 19:11:00,CUST0066,Gulab Jamun,Dessert,1,80.0,80.0,Card,Takeaway
1197,2024-10-05 19:11:00,CUST0066,Butter Chicken,Main Course,2,280.0,560.0,UPI,Dine-in
1197,2024-10-05 19:11:00,CUST0066,Biryani,Main Course,1,320.0,320.0,Card,Takeaway
1198,2024-06-18 21:08:00,CUST0100,Paneer Tikka,Starter,2,180.0,360.0,UPI,Dine-in
1198,2024-06-18 21:08:00,CUST0100,Filter Coffee,Beverages,1,60.0,60.0,Cash,Dine-in
1199,2024-11-10 18:49:00,CUST0025,Dal Tadka,Main Course,2,160.0,320.0,UPI,Takeaway
1200,2024-07-11 21:37:00,CUST0018,Paneer Tikka,Starter,2,180.0,360.0,Card,Dine-in
1200,2024-07-11 21:37:00,CUST0018,Dal Tadka,Main Course,1,160.0,160.0,Cash,Takeaway
1201,2024-07-18 12:05:00,CUST0050,Dal Tadka,Main Course,1,160.0,160.0,UPI,Dine-in
1202,2024-08-08 21:32:00,CUST0006,Butter Chicken,Main Course,1,280.0,280.0,Card,Dine-in
1203,2024-06-15 15:18:00,CUST0026,Paneer Tikka,Starter,2,180.0,360.0,Card,Dine-in
1204,2024-12-16 19:17:00,CUST0006,Samosa,Starter,1,50.0,50.0,Cash,Takeaway
1205,2024-09-04 10:16:00,CUST0010,Samosa,Starter,1,50.0,50.0,UPI,Dine-in
1205,2024-09-04 10:16:00,CUST0010,Biryani,Main Course,2,320.0,640.0,UPI,Delivery
1205,2024-09-04 10:16:00,CUST0010,Naan,Bread,1,40.0,40.0,UPI,Takeaway
1206,2024-11-29 16:19:00,CUST0027,Biryani,Main Course,1,320.0,320.0,Cash,Takeaway
1207,2024-12-21 21:50:00,CUST0068,Mango Lassi,Beverages,1,90.0,90.0,UPI,Takeaway
1208,2024-04-12 21:11:00,CUST0019,Filter Coffee,Beverages,3,60.0,180.0,UPI,Delivery
1208,2024-04-12 21:11:00,CUST0019,Butter Chicken,Main Course,1,280.0,280.0,UPI,Delivery
1209,2024-07-28 09:40:00,CUST0028,Dal Tadka,Main Course,1,160.0,160.0,Card,Takeaway
1210,2024-08-17 18:37:00,CUST0040,Filter Coffee,Beverages,2,60.0,120.0,Card,Takeaway
1211,2024-07-03 08:06:00,CUST0026,Gulab Jamun,Dessert,1,80.0,80.0,Cash,Delivery
1211,2024-07-03 08:06:00,CUST0026,Masala Dosa,Breakfast,3,120.0,360.0,Card,Delivery
1212,2024-06-18 18:06:00,CUST0025,Dal Tadka,Main Course,1,160.0,160.0,Card,Delivery
1213,2024-10-21 13:25:00,CUST0023,Naan,Bread,1,40.0,40.0,Cash,Takeaway
1214,2024-02-23 12:07:00,CUST0092,Masala Dosa,Breakfast,1,120.0,120.0,UPI,Dine-in
1214,2024-02-23 12:07:00,CUST0092,Gulab Jamun,Dessert,1,80.0,80.0,UPI,Takeaway
1215,2024-12-22 19:19:00,CUST0024,Paneer Tikka,Starter,1,180.0,180.0,UPI,Delivery
1216,2024-03-25 16:33:00,CUST0026,Masala Dosa,Breakfast,1,120.0,120.0,UPI,Takeaway
1217,2024-11-18 14:42:00,CUST0013,Butter Chicken,Main Course,2,280.0,560.0,Cash,Takeaway
1218,2024-01-03 09:17:00,CUST0013,Paneer Tikka,Starter,2,180.0,360.0,Card,Dine-in
1218,2024-01-03 09:17:00,CUST0013,Naan,Bread,1,40.0,40.0,Cash,Takeaway
1219,2024-09-07 21:20:00,CUST0022,Naan,Bread,1,40.0,40.0,UPI,Takeaway
1219,2024-09-07 21:20:00,CUST0022,Mango Lassi,Beverages,2,90.0,180.0,Card,Dine-in
1220,2024-11-10 21:08:00,CUST0069,Biryani,Main Course,1,320.0,320.0,Cash,Takeaway
1221,2024-07-17 19:36:00,CUST0096,Masala Dosa,Breakfast,1,120.0,120.0,Card,Delivery
1222,2024-10-11 13:08:00,CUST0053,Samosa,Starter,1,50.0,50.0,UPI,Dine-in
1223,2024-07-15 18:26:00,CUST0007,Mango Lassi,Beverages,1,90.0,90.0,Cash,Delivery
1223,2024-07-15 18:26:00,CUST0007,Samosa,Starter,1,50.0,50.0,Cash,Takeaway
1224,2024-10-02 13:36:00,CUST0008,Samosa,Starter,1,50.0,50.0,Card,Dine-in
1224,2024-10-02 13:36:00,CUST0008,Filter Coffee,Beverages,1,60.0,60.0,Card,Takeaway
1225,2024-01-22 11:34:00,CUST0025,Mango Lassi,Beverages,1,90.0,90.0,Card,Dine-in
1226,2024-08-18 12:28:00,CUST0002,Paneer Tikka,Starter,2,180.0,360.0,Card,Delivery
1226,2024-08-18 12:28:00,CUST0002,Biryani,Main Course,1,320.0,320.0,Card,Delivery
1226,2024-08-18 12:28:00,CUST0002,Filter Coffee,Beverages,1,60.0,60.0,Cash,Delivery
1227,2024-04-15 17:34:00,CUST0007,Filter Coffee,Beverages,1,60.0,60.0,Card,Takeaway
1228,2024-09-20 15:08:00,CUST0009,Mango Lassi,Beverages,2,90.0,180.0,Cash,Delivery
1228,2024-09-20 15:08:00,CUST0009,Butter Chicken,Main Course,2,280.0,560.0,Cash,Dine-in
1228,2024-09-20 15:08:00,CUST0009,Dal Tadka,Main Course,2,160.0,320.0,Cash,Delivery
1229,2024-10-22 21:26:00,CUST0005,Paneer Tikka,Starter,1,180.0,180.0,Cash,Takeaway
1230,2024-12-21 17:29:00,CUST0009,Gulab Jamun,Dessert,2,80.0,160.0,UPI,Delivery
1230,2024-12-21 17:29:00,CUST0009,Butter Chicken,Main Course,1,280.0,280.0,UPI,Dine-in
1230,2024-12-21 17:29:00,CUST0009,Paneer Tikka,Starter,2,180.0,360.0,UPI,Dine-in
1231,2024-09-10 13:21:00,CUST0058,Masala Dosa,Breakfast,2,120.0,240.0,Card,Dine-in
1231,2024-09-10 13:21:00,CUST0058,Samosa,Starter,1,50.0,50.0,Card,Takeaway
1232,2024-03-21 19:27:00,CUST0030,Masala Dosa,Breakfast,2,120.0,240.0,UPI,Dine-in
1233,2024-02-17 10:05:00,CUST0066,Masala Dosa,Breakfast,1,120.0,120.0,Card,Takeaway
1234,2024-08-07 08:00:00,CUST0060,Paneer Tikka,Starter,1,180.0,180.0,Cash,Delivery
1235,2024-01-05 08:55:00,CUST0032,Masala Dosa,Breakfast,1,120.0,120.0,Cash,Takeaway
1236,2024-02-22 13:56:00,CUST0026,Mango Lassi,Beverages,2,90.0,180.0,Cash,Delivery
1237,2024-02-05 19:39:00,CUST0049,Samosa,Starter,2,50.0,100.0,Card,Delivery
1237,2024-02-05 19:39:00,CUST0049,Gulab Jamun,Dessert,1,80.0,80.0,UPI,Delivery
1238,2024-02-14 16:48:00,CUST0058,Mango Lassi,Beverages,1,90.0,90.0,UPI,Takeaway
1239,2024-05-21 19:35:00,CUST0062,Naan,Bread,2,40.0,80.0,Card,Dine-in
1239,2024-05-21 19:35:00,CUST0062,Dal Tadka,Main Course,2,160.0,320.0,Card,Takeaway
1240,2024-09-17 13:18:00,CUST0020,Biryani,Main Course,1,320.0,320.0,Cash,Takeaway
1240,2024-09-17 13:18:00,CUST0020,Samosa,Starter,1,50.0,50.0,Cash,Delivery
1241,2024-07-03 16:24:00,CUST0032,Naan,Bread,1,40.0,40.0,Cash,Takeaway
1241,2024-07-03 16:24:00,CUST0032,Mango Lassi,Beverages,3,90.0,270.0,Cash,Dine-in
1241,2024-07-03 16:24:00,CUST0032,Gulab Jamun,Dessert,1,80.0,80.0,Cash,Takeaway
1242,2024-01-31 18:32:00,CUST0030,Filter Coffee,Beverages,2,60.0,120.0,UPI,Delivery
1243,2024-10-01 19:17:00,CUST0021,Paneer Tikka,Starter,1,180.0,180.0,Cash,Dine-in
1244,2024-10-27 21:43:00,CUST0013,Dal Tadka,Main Course,2,160.0,320.0,Cash,Dine-in
1244,2024-10-27 21:43:00,CUST0013,Mango Lassi,Beverages,1,90.0,90.0,UPI,Dine-in
1245,2024-01-29 14:42:00,CUST0020,Paneer Tikka,Starter,2,180.0,360.0,Card,Dine-in
1245,2024-01-29 14:42:00,CUST0020,Butter Chicken,Main Course,1,280.0,280.0,UPI,Delivery
1246,2024-05-12 12:47:00,CUST0027,Dal Tadka,Main Course,2,160.0,320.0,Cash,Takeaway
1246,2024-05-12 12:47:00,CUST0027,Paneer Tikka,Starter,2,180.0,360.0,UPI,Delivery
1247,2024-10-22 20:29:00,CUST0023,Butter Chicken,Main Course,2,280.0,560.0,Cash,Takeaway
1247,2024-10-22 20:29:00,CUST0023,Samosa,Starter,1,50.0,50.0,Cash,Delivery
1248,2024-04-26 08:02:00,CUST0045,Butter Chicken,Main Course,1,280.0,280.0,UPI,Dine-in
1248,2024-04-26 08:02:00,CUST0045,Biryani,Main Course,1,320.0,320.0,Cash,Delivery
1248,2024-04-26 08:02:00,CUST0045,Naan,Bread,2,40.0,80.0,Card,Delivery
1249,2024-06-13 14:20:00,CUST0059,Paneer Tikka,Starter,1,180.0,180.0,Cash,Delivery
1250,2024-04-01 14:02:00,CUST0037,Paneer Tikka,Starter,2,180.0,360.0,UPI,Takeaway
1250,2024-04-01 14:02:00,CUST0037,Samosa,Starter,1,50.0,50.0,UPI,Dine-in
1250,2024-04-01 14:02:00,CUST0037,Dal Tadka,Main Course,1,160.0,160.0,UPI,Delivery
1251,2024-08-25 20:49:00,CUST0062,Filter Coffee,Beverages,1,60.0,60.0,UPI,Dine-in
1251,2024-08-25 20:49:00,CUST0062,Biryani,Main Course,1,320.0,320.0,UPI,Delivery
1252,2024-06-20 14:24:00,CUST0032,Dal Tadka,Main Course,1,160.0,160.0,Cash,Takeaway
1252,2024-06-20 14:24:00,CUST0032,Paneer Tikka,Starter,1,180.0,180.0,Cash,Dine-in
1253,2024-01-23 18:44:00,CUST0042,Samosa,Starter,1,50.0,50.0,Card,Takeaway
1253,2024-01-23 18:44:00,CUST0042,Paneer Tikka,Starter,1,180.0,180.0,Card,Dine-in
1253,2024-01-23 18:44:00,CUST0042,Filter Coffee,Beverages,1,60.0,60.0,Cash,Dine-in
1254,2024-06-10 18:44:00,CUST0028,Gulab Jamun,Dessert,1,80.0,80.0,Cash,Dine-in
1254,2024-06-10 18:44:00,CUST0028,Naan,Bread,2,40.0,80.0,Cash,Delivery
1255,2024-03-25 20:26:00,CUST0004,Gulab Jamun,Dessert,3,80.0,240.0,Cash,Takeaway
1256,2024-03-02 14:19:00,CUST0009,Naan,Bread,1,40.0,40.0,UPI,Dine-in
1256,2024-03-02 14:19:00,CUST0009,Butter Chicken,Main Course,1,280.0,280.0,Cash,Takeaway
1257,2024-12-12 12:01:00,CUST0002,Samosa,Starter,1,50.0,50.0,Cash,Dine-in
1257,2024-12-12 12:01:00,CUST0002,Filter Coffee,Beverages,1,60.0,60.0,Cash,Dine-in
1257,2024-12-12 12:01:00,CUST0002,Biryani,Main Course,1,320.0,320.0,UPI,Takeaway
1258,2024-10-25 19:01:00,CUST0041,Biryani,Main Course,1,320.0,320.0,UPI,Dine-in
1258,2024-10-25 19:01:00,CUST0041,Samosa,Starter,1,50.0,50.0,UPI,Dine-in
1258,2024-10-25 19:01:00,CUST0041,Masala Dosa,Breakfast,1,120.0,120.0,Card,Takeaway
1259,2024-09-11 14:27:00,CUST0081,Biryani,Main Course,2,320.0,640.0,UPI,Takeaway
1260,2024-01-18 21:15:00,CUST0005,Samosa,Starter,2,50.0,100.0,UPI,Dine-in
1260,2024-01-18 21:15:00,CUST0005,Mango Lassi,Beverages,1,90.0,90.0,UPI,Dine-in
1261,2024-09-26 14:50:00,CUST0021,Mango Lassi,Beverages,2,90.0,180.0,UPI,Takeaway
1262,2024-06-25 17:24:00,CUST0016,Butter Chicken,Main Course,1,280.0,280.0,Cash,Dine-in
1263,2024-01-30 18:33:00,CUST0066,Naan,Bread,3,40.0,120.0,Cash,Dine-in
1264,2024-05-16 21:03:00,CUST0008,Biryani,Main Course,1,320.0,320.0,Cash,Dine-in
1264,2024-05-16 21:03:00,CUST0008,Mango Lassi,Beverages,1,90.0,90.0,UPI,Delivery
1265,2024-12-26 09:36:00,CUST0034,Samosa,Starter,1,50.0,50.0,Cash,Dine-in
1265,2024-12-26 09:36:00,CUST0034,Filter Coffee,Beverages,1,60.0,60.0,Card,Dine-in
1265,2024-12-26 09:36:00,CUST0034,Dal Tadka,Main Course,1,160.0,160.0,UPI,Dine-in
1266,2024-04-13 17:45:00,CUST0020,Gulab Jamun,Dessert,1,80.0,80.0,Cash,Delivery
1267,2024-02-26 17:04:00,CUST0049,Mango Lassi,Beverages,1,90.0,90.0,UPI,Takeaway
1268,2024-08-11 11:41:00,CUST0006,Filter Coffee,Beverages,1,60.0,60.0,Card,Takeaway
1269,2024-03-30 21:44:00,CUST0019,Masala Dosa,Breakfast,2,120.0,240.0,Card,Delivery
1270,2024-10-17 14:20:00,CUST0025,Naan,Bread,2,40.0,80.0,Cash,Takeaway
1270,2024-10-17 14:20:00,CUST0025,Biryani,Main Course,2,320.0,640.0,Cash,Takeaway
1270,2024-10-17 14:20:00,CUST0025,Paneer Tikka,Starter,3,180.0,540.0,Cash,Delivery
1271,2024-12-28 10:28:00,CUST0042,Biryani,Main Course,1,320.0,320.0,Cash,Takeaway
1272,2024-01-01 13:46:00,CUST0004,Masala Dosa,Breakfast,2,120.0,240.0,UPI,Takeaway
1273,2024-02-21 16:10:00,CUST0013,Butter Chicken,Main Course,1,280.0,280.0,UPI,Takeaway
1274,2024-06-24 13:10:00,CUST0040,Filter Coffee,Beverages,1,60.0,60.0,Card,Takeaway
1274,2024-06-24 13:10:00,CUST0040,Paneer Tikka,Starter,2,180.0,360.0,UPI,Delivery
1275,2024-08-10 12:21:00,CUST0029,Biryani,Main Course,1,320.0,320.0,Card,Delivery
1276,2024-05-15 10:15:00,CUST0100,Mango Lassi,Beverages,1,90.0,90.0,UPI,Dine-in
1277,2024-08-06 14:40:00,CUST0001,Biryani,Main Course,1,320.0,320.0,Cash,Delivery
1277,2024-08-06 14:40:00,CUST0001,Paneer Tikka,Starter,1,180.0,180.0,Cash,Takeaway
1278,2024-07-22 21:16:00,CUST0070,Filter Coffee,Beverages,1,60.0,60.0,UPI,Takeaway
1279,2024-01-23 13:16:00,CUST0015,Dal Tadka,Main Course,1,160.0,160.0,Cash,Delivery
1280,2024-12-08 14:26:00,CUST0041,Naan,Bread,2,40.0,80.0,Card,Takeaway
1280,2024-12-08 14:26:00,CUST0041,Biryani,Main Course,3,320.0,960.0,Card,Takeaway
1280,2024-12-08 14:26:00,CUST0041,Butter Chicken,Main Course,1,280.0,280.0,Cash,Takeaway
1281,2024-12-31 14:57:00,CUST0013,Naan,Bread,1,40.0,40.0,UPI,Dine-in
1281,2024-12-31 14:57:00,CUST0013,Masala Dosa,Breakfast,2,120.0,240.0,Cash,Dine-in
1282,2024-01-22 21:27:00,CUST0047,Masala Dosa,Breakfast,2,120.0,240.0,UPI,Takeaway
1283,2024-02-14 20:35:00,CUST0039,Dal Tadka,Main Course,1,160.0,160.0,Cash,Delivery
1284,2024-08-02 12:09:00,CUST0097,Naan,Bread,2,40.0,80.0,Card,Dine-in
1284,2024-08-02 12:09:00,CUST0097,Paneer Tikka,Starter,2,180.0,360.0,Card,Takeaway
1285,2024-07-15 11:02:00,CUST0064,Mango Lassi,Beverages,1,90.0,90.0,Card,Delivery
1286,2024-07-21 17:44:00,CUST0035,Samosa,Starter,2,50.0,100.0,UPI,Dine-in
1287,2024-06-04 13:54:00,CUST0026,Paneer Tikka,Starter,1,180.0,180.0,Card,Takeaway
1287,2024-06-04 13:54:00,CUST0026,Biryani,Main Course,2,320.0,640.0,UPI,Takeaway
1288,2024-04-06 20:47:00,CUST0042,Filter Coffee,Beverages,2,60.0,120.0,Cash,Delivery
1289,2024-06-08 11:08:00,CUST0039,Filter Coffee,Beverages,1,60.0,60.0,Cash,Dine-in
1289,2024-06-08 11:08:00,CUST0039,Butter Chicken,Main Course,1,280.0,280.0,UPI,Dine-in
1290,2024-05-20 20:32:00,CUST0056,Paneer Tikka,Starter,1,180.0,180.0,Cash,Takeaway
1291,2024-03-31 18:37:00,CUST0015,Gulab Jamun,Dessert,2,80.0,160.0,UPI,Delivery
1291,2024-03-31 18:37:00,CUST0015,Masala Dosa,Breakfast,2,120.0,240.0,Cash,Takeaway
1292,2024-03-24 16:54:00,CUST0002,Biryani,Main Course,1,320.0,320.0,UPI,Delivery
1293,2024-12-15 12:41:00,CUST0001,Butter Chicken,Main Course,1,280.0,280.0,Card,Takeaway
1294,2024-08-04 17:29:00,CUST0066,Samosa,Starter,1,50.0,50.0,Card,Delivery
1295,2024-01-04 21:53:00,CUST0004,Filter Coffee,Beverages,1,60.0,60.0,Cash,Takeaway
1295,2024-01-04 21:53:00,CUST0004,Dal Tadka,Main Course,1,160.0,160.0,UPI,Delivery
1296,2024-05-13 10:12:00,CUST0009,Biryani,Main Course,2,320.0,640.0,Card,Takeaway
1297,2024-01-14 10:16:00,CUST0048,Mango Lassi,Beverages,1,90.0,90.0,Card,Dine-in
1297,2024-01-14 10:16:00,CUST0048,Naan,Bread,1,40.0,40.0,Card,Dine-in
1297,2024-01-14 10:16:00,CUST0048,Butter Chicken,Main Course,1,280.0,280.0,Card,Takeaway
1298,2024-09-16 12:53:00,CUST0076,Filter Coffee,Beverages,1,60.0,60.0,UPI,Dine-in
1298,2024-09-16 12:53:00,CUST0076,Masala Dosa,Breakfast,2,120.0,240.0,Card,Delivery
1299,2024-12-14 15:14:00,CUST0054,Dal Tadka,Main Course,1,160.0,160.0,UPI,Takeaway
1300,2024-08-25 18:03:00,CUST0010,Naan,Bread,2,40.0,80.0,Card,Dine-in
1300,2024-08-25 18:03:00,CUST0010,Paneer Tikka,Starter,2,180.0,360.0,UPI,Delivery
1300,2024-08-25 18:03:00,CUST0010,Samosa,Starter,1,50.0,50.0,Cash,Dine-in
1301,2024-06-24 21:57:00,CUST0007,Samosa,Starter,2,50.0,100.0,Cash,Dine-in
1301,2024-06-24 21:57:00,CUST0007,Masala Dosa,Breakfast,1,120.0,120.0,Card,Dine-in
1301,2024-06-24 21:57:00,CUST0007,Gulab Jamun,Dessert,1,80.0,80.0,Cash,Dine-in
1302,2024-03-27 19:31:00,CUST0007,Paneer Tikka,Starter,1,180.0,180.0,Card,Takeaway
1302,2024-03-27 19:31:00,CUST0007,Masala Dosa,Breakfast,1,120.0,120.0,UPI,Takeaway
1303,2024-04-12 08:57:00,CUST0018,Filter Coffee,Beverages,1,60.0,60.0,Card,Dine-in
1304,2024-04-25 10:19:00,CUST0062,Mango Lassi,Beverages,1,90.0,90.0,UPI,Dine-in
1305,2024-06-01 18:46:00,CUST0002,Filter Coffee,Beverages,1,60.0,60.0,Card,Dine-in
1305,2024-06-01 18:46:00,CUST0002,Gulab Jamun,Dessert,1,80.0,80.0,UPI,Takeaway
1306,2024-07-25 12:46:00,CUST0052,Biryani,Main Course,1,320.0,320.0,Card,Delivery
1306,2024-07-25 12:46:00,CUST0052,Butter Chicken,Main Course,2,280.0,560.0,UPI,Delivery
1306,2024-07-25 12:46:00,CUST0052,Masala Dosa,Breakfast,1,120.0,120.0,Card,Delivery
1307,2024-12-04 12:03:00,CUST0002,Mango Lassi,Beverages,1,90.0,90.0,Card,Takeaway
1307,2024-12-04 12:03:00,CUST0002,Samosa,Starter,1,50.0,50.0,Cash,Dine-in
1308,2024-06-03 19:42:00,CUST0032,Naan,Bread,1,40.0,40.0,Cash,Delivery
1308,2024-06-03 19:42:00,CUST0032,Masala Dosa,Breakfast,2,120.0,240.0,Cash,Takeaway
1309,2024-09-11 12:49:00,CUST0004,Filter Coffee,Beverages,3,60.0,180.0,UPI,Delivery
1310,2024-01-21 19:44:00,CUST0006,Gulab Jamun,Dessert,1,80.0,80.0,Cash,Dine-in
1310,2024-01-21 19:44:00,CUST0006,Biryani,Main Course,2,320.0,640.0,Card,Takeaway
1310,2024-01-21 19:44:00,CUST0006,Butter Chicken,Main Course,1,280.0,280.0,Cash,Delivery
1311,2024-02-21 16:29:00,CUST0024,Dal Tadka,Main Course,1,160.0,160.0,Cash,Dine-in
1311,2024-02-21 16:29:00,CUST0024,Naan,Bread,2,40.0,80.0,UPI,Delivery
1311,2024-02-21 16:29:00,CUST0024,Samosa,Starter,1,50.0,50.0,Card,Dine-in
1312,2024-01-24 12:42:00,CUST0025,Gulab Jamun,Dessert,2,80.0,160.0,Card,Takeaway
1312,2024-01-24 12:42:00,CUST0025,Naan,Bread,2,40.0,80.0,Cash,Takeaway
1313,2024-02-28 20:17:00,CUST0054,Samosa,Starter,1,50.0,50.0,Cash,Dine-in
1313,2024-02-28 20:17:00,CUST0054,Mango Lassi,Beverages,1,90.0,90.0,Card,Dine-in
1314,2024-02-23 21:30:00,CUST0051,Samosa,Starter,1,50.0,50.0,UPI,Delivery
1314,2024-02-23 21:30:00,CUST0051,Masala Dosa,Breakfast,1,120.0,120.0,Card,Delivery
1315,2024-09-04 15:56:00,CUST0047,Butter Chicken,Main Course,1,280.0,280.0,Card,Takeaway
1316,2024-12-13 21:36:00,CUST0028,Biryani,Main Course,1,320.0,320.0,Card,Delivery
1316,2024-12-13 21:36:00,CUST0028,Gulab Jamun,Dessert,1,80.0,80.0,UPI,Delivery
1317,2024-06-26 11:09:00,CUST0092,Filter Coffee,Beverages,1,60.0,60.0,Cash,Delivery
1317,2024-06-26 11:09:00,CUST0092,Butter Chicken,Main Course,2,280.0,560.0,UPI,Dine-in
1318,2024-06-13 13:03:00,CUST0016,Filter Coffee,Beverages,1,60.0,60.0,Cash,Dine-in
1318,2024-06-13 13:03:00,CUST0016,Mango Lassi,Beverages,1,90.0,90.0,Card,Takeaway
1319,2024-08-16 13:47:00,CUST0016,Paneer Tikka,Starter,1,180.0,180.0,Card,Delivery
1319,2024-08-16 13:47:00,CUST0016,Mango Lassi,Beverages,1,90.0,90.0,Cash,Delivery
1320,2024-09-17 21:42:00,CUST0069,Gulab Jamun,Dessert,1,80.0,80.0,Cash,Dine-in
1321,2024-10-13 11:45:00,CUST0073,Samosa,Starter,1,50.0,50.0,Card,Dine-in
1321,2024-10-13 11:45:00,CUST0073,Paneer Tikka,Starter,1,180.0,180.0,UPI,Delivery
1322,2024-10-07 21:06:00,CUST0068,Masala Dosa,Breakfast,1,120.0,120.0,Card,Delivery
1323,2024-05-10 19:07:00,CUST0044,Mango Lassi,Beverages,2,90.0,180.0,Cash,Delivery
1323,2024-05-10 19:07:00,CUST0044,Biryani,Main Course,1,320.0,320.0,UPI,Dine-in
1323,2024-05-10 19:07:00,CUST0044,Samosa,Starter,2,50.0,100.0,Card,Delivery
1324,2024-08-18 21:32:00,CUST0029,Samosa,Starter,1,50.0,50.0,Card,Dine-in
1325,2024-10-26 21:49:00,CUST0014,Masala Dosa,Breakfast,1,120.0,120.0,Card,Delivery
1325,2024-10-26 21:49:00,CUST0014,Naan,Bread,1,40.0,40.0,UPI,Delivery
1325,2024-10-26 21:49:00,CUST0014,Filter Coffee,Beverages,2,60.0,120.0,UPI,Delivery
1326,2024-05-20 20:18:00,CUST0062,Masala Dosa,Breakfast,1,120.0,120.0,Card,Delivery
1327,2024-06-02 17:45:00,CUST0096,Filter Coffee,Beverages,1,60.0,60.0,Card,Delivery
1327,2024-06-02 17:45:00,CUST0096,Biryani,Main Course,1,320.0,320.0,UPI,Delivery
1328,2024-11-28 16:32:00,CUST0023,Gulab Jamun,Dessert,2,80.0,160.0,Card,Takeaway
1328,2024-11-28 16:32:00,CUST0023,Paneer Tikka,Starter,1,180.0,180.0,Card,Delivery
1329,2024-09-30 13:51:00,CUST0024,Paneer Tikka,Starter,1,180.0,180.0,Cash,Dine-in
1330,2024-05-16 09:18:00,CUST0056,Masala Dosa,Breakfast,1,120.0,120.0,UPI,Dine-in
1330,2024-05-16 09:18:00,CUST0056,Butter Chicken,Main Course,2,280.0,560.0,Cash,Takeaway
1331,2024-11-11 16:47:00,CUST0044,Mango Lassi,Beverages,1,90.0,90.0,Card,Takeaway
1331,2024-11-11 16:47:00,CUST0044,Biryani,Main Course,1,320.0,320.0,Cash,Takeaway
1332,2024-12-16 14:03:00,CUST0026,Dal Tadka,Main Course,1,160.0,160.0,UPI,Dine-in
1333,2024-10-28 21:12:00,CUST0078,Biryani,Main Course,1,320.0,320.0,Card,Dine-in
1333,2024-10-28 21:12:00,CUST0078,Dal Tadka,Main Course,1,160.0,160.0,Cash,Delivery
1334,2024-01-21 21:16:00,CUST0013,Naan,Bread,2,40.0,80.0,Cash,Takeaway
1335,2024-03-20 13:38:00,CUST0030,Naan,Bread,2,40.0,80.0,UPI,Takeaway
1336,2024-02-07 10:33:00,CUST0076,Masala Dosa,Breakfast,1,120.0,120.0,Card,Dine-in
1337,2024-07-25 12:56:00,CUST0018,Gulab Jamun,Dessert,1,80.0,80.0,UPI,Dine-in
1338,2024-08-31 15:07:00,CUST0098,Samosa,Starter,2,50.0,100.0,Card,Delivery
1338,2024-08-31 15:07:00,CUST0098,Biryani,Main Course,1,320.0,320.0,Cash,Delivery
1339,2024-02-28 21:46:00,CUST0079,Filter Coffee,Beverages,2,60.0,120.0,UPI,Delivery
1340,2024-09-06 14:12:00,CUST0088,Paneer Tikka,Starter,2,180.0,360.0,Cash,Delivery
1341,2024-02-03 14:49:00,CUST0021,Mango Lassi,Beverages,2,90.0,180.0,Cash,Delivery
1342,2024-11-27 15:47:00,CUST0086,Butter Chicken,Main Course,2,280.0,560.0,Cash,Dine-in
1342,2024-11-27 15:47:00,CUST0086,Samosa,Starter,1,50.0,50.0,Cash,Takeaway
1343,2024-04-26 18:24:00,CUST0019,Mango Lassi,Beverages,1,90.0,90.0,Cash,Takeaway
1344,2024-01-04 21:04:00,CUST0099,Naan,Bread,2,40.0,80.0,Cash,Takeaway
1344,2024-01-04 21:04:00,CUST0099,Butter Chicken,Main Course,2,280.0,560.0,Cash,Takeaway
1345,2024-11-06 13:24:00,CUST0069,Butter Chicken,Main Course,1,280.0,280.0,Card,Dine-in
1346,2024-10-06 14:09:00,CUST0013,Gulab Jamun,Dessert,3,80.0,240.0,Cash,Delivery
1347,2024-03-04 14:38:00,CUST0049,Filter Coffee,Beverages,2,60.0,120.0,UPI,Dine-in
1348,2024-04-18 21:54:00,CUST0075,Masala Dosa,Breakfast,1,120.0,120.0,UPI,Dine-in
1348,2024-04-18 21:54:00,CUST0075,Naan,Bread,1,40.0,40.0,Card,Delivery
1349,2024-11-26 20:42:00,CUST0090,Paneer Tikka,Starter,1,180.0,180.0,Card,Takeaway
1350,2024-03-06 09:06:00,CUST0076,Paneer Tikka,Starter,2,180.0,360.0,UPI,Takeaway
1351,2024-12-03 14:09:00,CUST0020,Gulab Jamun,Dessert,3,80.0,240.0,Cash,Dine-in
1351,2024-12-03 14:09:00,CUST0020,Naan,Bread,1,40.0,40.0,Cash,Delivery
1352,2024-05-21 16:43:00,CUST0086,Samosa,Starter,1,50.0,50.0,UPI,Takeaway
1352,2024-05-21 16:43:00,CUST0086,Naan,Bread,1,40.0,40.0,Cash,Delivery
1353,2024-03-12 16:16:00,CUST0066,Paneer Tikka,Starter,2,180.0,360.0,Card,Delivery
1353,2024-03-12 16:16:00,CUST0066,Naan,Bread,1,40.0,40.0,Card,Delivery
1354,2024-04-18 17:34:00,CUST0019,Filter Coffee,Beverages,1,60.0,60.0,Cash,Delivery
1354,2024-04-18 17:34:00,CUST0019,Samosa,Starter,2,50.0,100.0,UPI,Dine-in
1354,2024-04-18 17:34:00,CUST0019,Masala Dosa,Breakfast,1,120.0,120.0,Card,Dine-in
1355,2024-01-06 09:48:00,CUST0017,Samosa,Starter,1,50.0,50.0,Card,Delivery
1355,2024-01-06 09:48:00,CUST0017,Masala Dosa,Breakfast,2,120.0,240.0,Cash,Delivery
1356,2024-01-21 13:14:00,CUST0076,Gulab Jamun,Dessert,1,80.0,80.0,Card,Dine-in
1357,2024-07-03 20:56:00,CUST0026,Gulab Jamun,Dessert,1,80.0,80.0,Card,Delivery
1358,2024-10-23 19:24:00,CUST0064,Gulab Jamun,Dessert,1,80.0,80.0,UPI,Dine-in
1358,2024-10-23 19:24:00,CUST0064,Paneer Tikka,Starter,1,180.0,180.0,UPI,Takeaway
1359,2024-11-05 12:28:00,CUST0016,Paneer Tikka,Starter,1,180.0,180.0,UPI,Dine-in
1360,2024-07-04 19:42:00,CUST0006,Gulab Jamun,Dessert,2,80.0,160.0,UPI,Delivery
1361,2024-10-29 13:01:00,CUST0007,Masala Dosa,Breakfast,1,120.0,120.0,Cash,Dine-in
1362,2024-10-20 12:16:00,CUST0036,Filter Coffee,Beverages,2,60.0,120.0,Card,Delivery
1362,2024-10-20 12:16:00,CUST0036,Mango Lassi,Beverages,2,90.0,180.0,Cash,Dine-in
1362,2024-10-20 12:16:00,CUST0036,Butter Chicken,Main Course,1,280.0,280.0,UPI,Takeaway
1363,2024-07-29 21:52:00,CUST0027,Naan,Bread,1,40.0,40.0,Card,Delivery
1363,2024-07-29 21:52:00,CUST0027,Filter Coffee,Beverages,1,60.0,60.0,UPI,Delivery
1364,2024-07-12 19:01:00,CUST0008,Filter Coffee,Beverages,1,60.0,60.0,Cash,Delivery
1365,2024-11-10 21:32:00,CUST0016,Paneer Tikka,Starter,1,180.0,180.0,Card,Delivery
1365,2024-11-10 21:32:00,CUST0016,Samosa,Starter,2,50.0,100.0,Card,Delivery
1366,2024-07-08 18:14:00,CUST0014,Samosa,Starter,1,50.0,50.0,Card,Delivery
1366,2024-07-08 18:14:00,CUST0014,Mango Lassi,Beverages,1,90.0,90.0,UPI,Dine-in
1366,2024-07-08 18:14:00,CUST0014,Gulab Jamun,Dessert,1,80.0,80.0,Cash,Dine-in
1367,2024-10-05 19:00:00,CUST0029,Butter Chicken,Main Course,1,280.0,280.0,Cash,Takeaway
1367,2024-10-05 19:00:00,CUST0029,Filter Coffee,Beverages,1,60.0,60.0,Card,Takeaway
1368,2024-03-20 21:16:00,CUST0004,Filter Coffee,Beverages,1,60.0,60.0,UPI,Delivery
1369,2024-07-22 11:35:00,CUST0022,Samosa,Starter,1,50.0,50.0,Card,Takeaway
1369,2024-07-22 11:35:00,CUST0022,Masala Dosa,Breakfast,1,120.0,120.0,UPI,Delivery
1370,2024-07-22 08:47:00,CUST0023,Masala Dosa,Breakfast,1,120.0,120.0,Card,Takeaway
1371,2024-03-23 21:00:00,CUST0037,Masala Dosa,Breakfast,2,120.0,240.0,UPI,Dine-in
1371,2024-03-23 21:00:00,CUST0037,Samosa,Starter,1,50.0,50.0,Cash,Takeaway
1372,2024-07-15 18:39:00,CUST0002,Dal Tadka,Main Course,2,160.0,320.0,Cash,Delivery
1372,2024-07-15 18:39:00,CUST0002,Butter Chicken,Main Course,1,280.0,280.0,Cash,Dine-in
1373,2024-05-26 14:32:00,CUST0097,Biryani,Main Course,1,320.0,320.0,UPI,Dine-in
1373,2024-05-26 14:32:00,CUST0097,Masala Dosa,Breakfast,1,120.0,120.0,Cash,Dine-in
1374,2024-06-29 11:37:00,CUST0082,Butter Chicken,Main Course,2,280.0,560.0,Cash,Dine-in
1375,2024-10-13 17:22:00,CUST0024,Dal Tadka,Main Course,1,160.0,160.0,UPI,Delivery
1375,2024-10-13 17:22:00,CUST0024,Biryani,Main Course,1,320.0,320.0,Cash,Takeaway
1375,2024-10-13 17:22:00,CUST0024,Filter Coffee,Beverages,1,60.0,60.0,Card,Dine-in
1376,2024-02-29 17:56:00,CUST0011,Naan,Bread,1,40.0,40.0,UPI,Delivery
1376,2024-02-29 17:56:00,CUST0011,Dal Tadka,Main Course,1,160.0,160.0,Cash,Takeaway
1377,2024-12-14 21:55:00,CUST0089,Paneer Tikka,Starter,1,180.0,180.0,UPI,Delivery
1378,2024-12-12 10:26:00,CUST0059,Filter Coffee,Beverages,2,60.0,120.0,UPI,Dine-in
1378,2024-12-12 10:26:00,CUST0059,Naan,Bread,1,40.0,40.0,UPI,Delivery
1378,2024-12-12 10:26:00,CUST0059,Butter Chicken,Main Course,2,280.0,560.0,UPI,Dine-in
1379,2024-08-31 12:57:00,CUST0006,Masala Dosa,Breakfast,1,120.0,120.0,Cash,Dine-in
1379,2024-08-31 12:57:00,CUST0006,Biryani,Main Course,2,320.0,640.0,UPI,Dine-in
1380,2024-05-07 17:09:00,CUST0027,Paneer Tikka,Starter,1,180.0,180.0,Card,Takeaway
1380,2024-05-07 17:09:00,CUST0027,Naan,Bread,1,40.0,40.0,Card,Dine-in
1381,2024-11-13 14:55:00,CUST0078,Masala Dosa,Breakfast,3,120.0,360.0,Card,Takeaway
1382,2024-10-22 14:51:00,CUST0025,Filter Coffee,Beverages,1,60.0,60.0,UPI,Takeaway
1383,2024-08-22 18:20:00,CUST0053,Butter Chicken,Main Course,1,280.0,280.0,Cash,Takeaway
1383,2024-08-22 18:20:00,CUST0053,Biryani,Main Course,1,320.0,320.0,UPI,Dine-in
1384,2024-05-17 21:21:00,CUST0008,Samosa,Starter,1,50.0,50.0,UPI,Delivery
1385,2024-07-24 12:36:00,CUST0077,Naan,Bread,1,40.0,40.0,Cash,Delivery
1386,2024-10-11 20:12:00,CUST0008,Masala Dosa,Breakfast,1,120.0,120.0,Cash,Dine-in
1387,2024-11-18 21:20:00,CUST0005,Dal Tadka,Main Course,1,160.0,160.0,Card,Dine-in
1387,2024-11-18 21:20:00,CUST0005,Naan,Bread,1,40.0,40.0,Card,Dine-in
1388,2024-05-10 21:06:00,CUST0027,Gulab Jamun,Dessert,1,80.0,80.0,UPI,Delivery
1389,2024-05-11 13:07:00,CUST0026,Naan,Bread,1,40.0,40.0,Card,Delivery
1390,2024-05-25 21:32:00,CUST0053,Samosa,Starter,2,50.0,100.0,UPI,Delivery
1391,2024-03-15 17:26:00,CUST0021,Naan,Bread,2,40.0,80.0,Cash,Dine-in
1391,2024-03-15 17:26:00,CUST0021,Mango Lassi,Beverages,1,90.0,90.0,Cash,Takeaway
1392,2024-12-29 14:25:00,CUST0010,Samosa,Starter,2,50.0,100.0,UPI,Delivery
1393,2024-07-30 12:08:00,CUST0015,Dal Tadka,Main Course,1,160.0,160.0,UPI,Dine-in
1393,2024-07-30 12:08:00,CUST0015,Paneer Tikka,Starter,1,180.0,180.0,UPI,Delivery
1394,2024-07-22 19:06:00,CUST0025,Masala Dosa,Breakfast,1,120.0,120.0,UPI,Takeaway
1395,2024-05-25 19:08:00,CUST0024,Masala Dosa,Breakfast,1,120.0,120.0,UPI,Takeaway
1395,2024-05-25 19:08:00,CUST0024,Butter Chicken,Main Course,2,280.0,560.0,UPI,Delivery
1396,2024-03-10 16:37:00,CUST0087,Naan,Bread,1,40.0,40.0,Card,Delivery
1396,2024-03-10 16:37:00,CUST0087,Mango Lassi,Beverages,1,90.0,90.0,UPI,Takeaway
1397,2024-02-15 20:26:00,CUST0026,Dal Tadka,Main Course,1,160.0,160.0,Card,Dine-in
1398,2024-09-30 13:48:00,CUST0016,Butter Chicken,Main Course,2,280.0,560.0,UPI,Delivery
1399,2024-10-07 20:56:00,CUST0001,Mango Lassi,Beverages,1,90.0,90.0,Card,Delivery
1399,2024-10-07 20:56:00,CUST0001,Biryani,Main Course,1,320.0,320.0,UPI,Dine-in
1400,2024-11-16 14:51:00,CUST0014,Dal Tadka,Main Course,1,160.0,160.0,Card,Takeaway
1400,2024-11-16 14:51:00,CUST0014,Naan,Bread,1,40.0,40.0,Cash,Dine-in
1401,2024-11-22 20:17:00,CUST0004,Samosa,Starter,1,50.0,50.0,Cash,Dine-in
1401,2024-11-22 20:17:00,CUST0004,Biryani,Main Course,3,320.0,960.0,Cash,Dine-in
1402,2024-05-17 13:46:00,CUST0067,Paneer Tikka,Starter,1,180.0,180.0,UPI,Dine-in
1403,2024-09-12 18:44:00,CUST0010,Gulab Jamun,Dessert,2,80.0,160.0,Cash,Dine-in
1403,2024-09-12 18:44:00,CUST0010,Paneer Tikka,Starter,1,180.0,180.0,UPI,Dine-in
1404,2024-04-08 17:52:00,CUST0006,Butter Chicken,Main Course,1,280.0,280.0,Card,Dine-in
1405,2024-05-06 08:12:00,CUST0015,Paneer Tikka,Starter,1,180.0,180.0,Cash,Takeaway
1406,2024-06-14 14:02:00,CUST0010,Filter Coffee,Beverages,1,60.0,60.0,UPI,Delivery
1406,2024-06-14 14:02:00,CUST0010,Naan,Bread,1,40.0,40.0,UPI,Dine-in
1407,2024-02-27 13:20:00,CUST0058,Dal Tadka,Main Course,1,160.0,160.0,UPI,Dine-in
1408,2024-10-24 11:44:00,CUST0002,Gulab Jamun,Dessert,1,80.0,80.0,UPI,Dine-in
1408,2024-10-24 11:44:00,CUST0002,Paneer Tikka,Starter,1,180.0,180.0,UPI,Delivery
1409,2024-11-26 14:50:00,CUST0012,Samosa,Starter,1,50.0,50.0,Card,Delivery
1410,2024-04-08 13:22:00,CUST0087,Dal Tadka,Main Course,1,160.0,160.0,UPI,Delivery
1410,2024-04-08 13:22:00,CUST0087,Butter Chicken,Main Course,1,280.0,280.0,Card,Takeaway
1411,2024-10-05 14:29:00,CUST0006,Naan,Bread,2,40.0,80.0,Card,Dine-in
1412,2024-08-18 13:34:00,CUST0005,Butter Chicken,Main Course,2,280.0,560.0,Card,Takeaway
1413,2024-11-13 16:20:00,CUST0033,Filter Coffee,Beverages,1,60.0,60.0,Card,Takeaway
1413,2024-11-13 16:20:00,CUST0033,Mango Lassi,Beverages,2,90.0,180.0,Cash,Delivery
1414,2024-11-24 12:33:00,CUST0014,Butter Chicken,Main Course,1,280.0,280.0,Cash,Dine-in
1414,2024-11-24 12:33:00,CUST0014,Masala Dosa,Breakfast,1,120.0,120.0,Cash,Dine-in
1415,2024-07-17 10:03:00,CUST0021,Naan,Bread,2,40.0,80.0,Cash,Dine-in
1416,2024-08-27 15:23:00,CUST0041,Mango Lassi,Beverages,2,90.0,180.0,Cash,Delivery
1416,2024-08-27 15:23:00,CUST0041,Gulab Jamun,Dessert,1,80.0,80.0,Cash,Delivery
1417,2024-02-09 15:06:00,CUST0010,Filter Coffee,Beverages,1,60.0,60.0,Card,Delivery
1417,2024-02-09 15:06:00,CUST0010,Mango Lassi,Beverages,1,90.0,90.0,Card,Dine-in
1418,2024-07-31 10:43:00,CUST0018,Mango Lassi,Beverages,2,90.0,180.0,Cash,Dine-in
1419,2024-06-21 11:59:00,CUST0017,Gulab Jamun,Dessert,1,80.0,80.0,UPI,Takeaway
1420,2024-08-08 17:38:00,CUST0021,Filter Coffee,Beverages,1,60.0,60.0,Card,Delivery
1421,2024-08-17 15:46:00,CUST0015,Dal Tadka,Main Course,1,160.0,160.0,Card,Dine-in
1422,2024-01-04 12:13:00,CUST0069,Butter Chicken,Main Course,1,280.0,280.0,UPI,Takeaway
1422,2024-01-04 12:13:00,CUST0069,Dal Tadka,Main Course,1,160.0,160.0,UPI,Takeaway
1422,2024-01-04 12:13:00,CUST0069,Masala Dosa,Breakfast,2,120.0,240.0,Cash,Dine-in
1423,2024-02-17 21:58:00,CUST0010,Paneer Tikka,Starter,2,180.0,360.0,UPI,Dine-in
1424,2024-12-19 08:38:00,CUST0029,Butter Chicken,Main Course,1,280.0,280.0,Cash,Takeaway
1424,2024-12-19 08:38:00,CUST0029,Mango Lassi,Beverages,1,90.0,90.0,UPI,Takeaway
1425,2024-04-26 08:40:00,CUST0046,Mango Lassi,Beverages,1,90.0,90.0,Cash,Takeaway
1425,2024-04-26 08:40:00,CUST0046,Butter Chicken,Main Course,1,280.0,280.0,Cash,Takeaway
1426,2024-03-19 14:25:00,CUST0008,Naan,Bread,1,40.0,40.0,UPI,Takeaway
1426,2024-03-19 14:25:00,CUST0008,Filter Coffee,Beverages,1,60.0,60.0,UPI,Dine-in
1426,2024-03-19 14:25:00,CUST0008,Paneer Tikka,Starter,1,180.0,180.0,Card,Dine-in
1427,2024-02-13 20:49:00,CUST0009,Masala Dosa,Breakfast,1,120.0,120.0,UPI,Takeaway
1427,2024-02-13 20:49:00,CUST0009,Samosa,Starter,1,50.0,50.0,Cash,Delivery
1428,2024-05-06 13:49:00,CUST0098,Naan,Bread,1,40.0,40.0,Card,Takeaway
1429,2024-04-07 14:41:00,CUST0012,Dal Tadka,Main Course,1,160.0,160.0,UPI,Delivery
1430,2024-11-15 12:59:00,CUST0087,Biryani,Main Course,1,320.0,320.0,Card,Dine-in
1430,2024-11-15 12:59:00,CUST0087,Gulab Jamun,Dessert,1,80.0,80.0,Cash,Dine-in
1431,2024-05-27 14:51:00,CUST0049,Samosa,Starter,1,50.0,50.0,UPI,Dine-in
1432,2024-04-14 20:35:00,CUST0058,Masala Dosa,Breakfast,1,120.0,120.0,Card,Dine-in
1433,2024-12-05 20:10:00,CUST0029,Biryani,Main Course,2,320.0,640.0,Card,Takeaway
1434,2024-01-05 14:17:00,CUST0021,Gulab Jamun,Dessert,1,80.0,80.0,Card,Takeaway
1434,2024-01-05 14:17:00,CUST0021,Paneer Tikka,Starter,1,180.0,180.0,UPI,Delivery
1435,2024-06-10 21:34:00,CUST0043,Biryani,Main Course,1,320.0,320.0,UPI,Delivery
1436,2024-01-21 14:19:00,CUST0033,Mango Lassi,Beverages,2,90.0,180.0,Cash,Takeaway
1437,2024-11-16 14:17:00,CUST0076,Dal Tadka,Main Course,2,160.0,320.0,Cash,Delivery
1437,2024-11-16 14:17:00,CUST0076,Mango Lassi,Beverages,2,90.0,180.0,Cash,Dine-in
1438,2024-12-02 14:24:00,CUST0013,Naan,Bread,1,40.0,40.0,Card,Dine-in
1438,2024-12-02 14:24:00,CUST0013,Biryani,Main Course,1,320.0,320.0,UPI,Delivery
1439,2024-03-08 12:37:00,CUST0018,Biryani,Main Course,1,320.0,320.0,Card,Delivery
1439,2024-03-08 12:37:00,CUST0018,Masala Dosa,Breakfast,2,120.0,240.0,UPI,Dine-in
1440,2024-06-11 14:46:00,CUST0051,Gulab Jamun,Dessert,2,80.0,160.0,Cash,Delivery
1441,2024-07-30 17:28:00,CUST0011,Dal Tadka,Main Course,2,160.0,320.0,Cash,Dine-in
1441,2024-07-30 17:28:00,CUST0011,Masala Dosa,Breakfast,1,120.0,120.0,Card,Delivery
1442,2024-11-09 12:14:00,CUST0019,Gulab Jamun,Dessert,1,80.0,80.0,UPI,Dine-in
1442,2024-11-09 12:14:00,CUST0019,Paneer Tikka,Starter,1,180.0,180.0,Card,Takeaway
1443,2024-04-04 18:30:00,CUST0078,Biryani,Main Course,1,320.0,320.0,UPI,Dine-in
1444,2024-04-23 09:48:00,CUST0083,Masala Dosa,Breakfast,2,120.0,240.0,UPI,Delivery
1445,2024-08-22 18:25:00,CUST0011,Naan,Bread,2,40.0,80.0,UPI,Delivery
1445,2024-08-22 18:25:00,CUST0011,Mango Lassi,Beverages,2,90.0,180.0,Card,Delivery
1446,2024-12-26 08:28:00,CUST0021,Butter Chicken,Main Course,2,280.0,560.0,Cash,Delivery
1447,2024-01-21 21:48:00,CUST0024,Butter Chicken,Main Course,1,280.0,280.0,UPI,Takeaway
1447,2024-01-21 21:48:00,CUST0024,Biryani,Main Course,2,320.0,640.0,UPI,Takeaway
1448,2024-11-09 16:29:00,CUST0010,Samosa,Starter,2,50.0,100.0,Cash,Dine-in
1448,2024-11-09 16:29:00,CUST0010,Paneer Tikka,Starter,2,180.0,360.0,Card,Delivery
1449,2024-06-14 19:29:00,CUST0014,Biryani,Main Course,1,320.0,320.0,UPI,Delivery
1449,2024-06-14 19:29:00,CUST0014,Samosa,Starter,1,50.0,50.0,Card,Dine-in
1450,2024-02-16 13:40:00,CUST0046,Filter Coffee,Beverages,2,60.0,120.0,Card,Delivery
1451,2024-07-12 19:49:00,CUST0051,Gulab Jamun,Dessert,1,80.0,80.0,Card,Dine-in
1452,2024-04-01 08:26:00,CUST0005,Samosa,Starter,1,50.0,50.0,Cash,Dine-in
1453,2024-01-02 20:00:00,CUST0056,Samosa,Starter,1,50.0,50.0,Cash,Delivery
1454,2024-04-21 20:29:00,CUST0061,Paneer Tikka,Starter,1,180.0,180.0,Cash,Dine-in
1455,2024-11-13 19:03:00,CUST0066,Butter Chicken,Main Course,1,280.0,280.0,Cash,Dine-in
1456,2024-06-18 15:06:00,CUST0069,Masala Dosa,Breakfast,1,120.0,120.0,UPI,Delivery
1457,2024-08-21 10:59:00,CUST0053,Dal Tadka,Main Course,1,160.0,160.0,UPI,Dine-in
1458,2024-05-29 19:44:00,CUST0039,Gulab Jamun,Dessert,1,80.0,80.0,Card,Dine-in
1458,2024-05-29 19:44:00,CUST0039,Filter Coffee,Beverages,1,60.0,60.0,Cash,Delivery
1458,2024-05-29 19:44:00,CUST0039,Mango Lassi,Beverages,2,90.0,180.0,Card,Delivery
1459,2024-12-18 21:18:00,CUST0092,Gulab Jamun,Dessert,1,80.0,80.0,Card,Delivery
1460,2024-11-10 21:46:00,CUST0005,Samosa,Starter,2,50.0,100.0,Cash,Delivery
1460,2024-11-10 21:46:00,CUST0005,Masala Dosa,Breakfast,1,120.0,120.0,Cash,Dine-in
1461,2024-11-16 09:51:00,CUST0015,Mango Lassi,Beverages,1,90.0,90.0,UPI,Delivery
1461,2024-11-16 09:51:00,CUST0015,Naan,Bread,2,40.0,80.0,Cash,Dine-in
1462,2024-05-10 10:19:00,CUST0067,Gulab Jamun,Dessert,1,80.0,80.0,UPI,Takeaway
1462,2024-05-10 10:19:00,CUST0067,Butter Chicken,Main Course,1,280.0,280.0,Card,Delivery
1463,2024-04-09 13:59:00,CUST0053,Samosa,Starter,1,50.0,50.0,UPI,Dine-in
1463,2024-04-09 13:59:00,CUST0053,Butter Chicken,Main Course,1,280.0,280.0,Card,Takeaway
1464,2024-07-30 15:53:00,CUST0027,Naan,Bread,1,40.0,40.0,Cash,Dine-in
1464,2024-07-30 15:53:00,CUST0027,Gulab Jamun,Dessert,1,80.0,80.0,UPI,Takeaway
1465,2024-05-23 17:24:00,CUST0005,Masala Dosa,Breakfast,1,120.0,120.0,Cash,Takeaway
1465,2024-05-23 17:24:00,CUST0005,Mango Lassi,Beverages,2,90.0,180.0,UPI,Delivery
1466,2024-02-14 19:23:00,CUST0014,Dal Tadka,Main Course,1,160.0,160.0,UPI,Dine-in
1467,2024-01-20 08:28:00,CUST0026,Samosa,Starter,1,50.0,50.0,UPI,Takeaway
1467,2024-01-20 08:28:00,CUST0026,Filter Coffee,Beverages,2,60.0,120.0,Card,Takeaway
1468,2024-02-20 16:13:00,CUST0049,Samosa,Starter,2,50.0,100.0,Card,Dine-in
1468,2024-02-20 16:13:00,CUST0049,Mango Lassi,Beverages,1,90.0,90.0,Cash,Delivery
1469,2024-06-19 19:06:00,CUST0042,Dal Tadka,Main Course,1,160.0,160.0,UPI,Delivery
1469,2024-06-19 19:06:00,CUST0042,Butter Chicken,Main Course,2,280.0,560.0,UPI,Dine-in
1470,2024-09-29 13:42:00,CUST0009,Masala Dosa,Breakfast,1,120.0,120.0,Cash,Dine-in
1471,2024-02-22 13:35:00,CUST0096,Masala Dosa,Breakfast,2,120.0,240.0,UPI,Delivery
1472,2024-06-08 20:34:00,CUST0003,Masala Dosa,Breakfast,1,120.0,120.0,Card,Dine-in
1473,2024-02-14 19:45:00,CUST0002,Naan,Bread,1,40.0,40.0,UPI,Takeaway
1473,2024-02-14 19:45:00,CUST0002,Samosa,Starter,2,50.0,100.0,Card,Delivery
1474,2024-08-26 19:52:00,CUST0041,Samosa,Starter,1,50.0,50.0,Card,Delivery
1474,2024-08-26 19:52:00,CUST0041,Paneer Tikka,Starter,2,180.0,360.0,UPI,Takeaway
1475,2024-03-14 17:58:00,CUST0008,Masala Dosa,Breakfast,1,120.0,120.0,Card,Takeaway
1476,2024-08-20 19:30:00,CUST0072,Samosa,Starter,1,50.0,50.0,Cash,Takeaway
1477,2024-09-17 14:50:00,CUST0047,Filter Coffee,Beverages,1,60.0,60.0,UPI,Delivery
1478,2024-07-30 12:35:00,CUST0019,Samosa,Starter,1,50.0,50.0,UPI,Dine-in
1479,2024-08-10 20:34:00,CUST0086,Masala Dosa,Breakfast,2,120.0,240.0,Card,Delivery
1479,2024-08-10 20:34:00,CUST0086,Paneer Tikka,Starter,2,180.0,360.0,Cash,Delivery
1480,2024-10-11 13:11:00,CUST0011,Mango Lassi,Beverages,1,90.0,90.0,Cash,Delivery
1481,2024-06-16 21:03:00,CUST0079,Masala Dosa,Breakfast,2,120.0,240.0,Card,Dine-in
1482,2024-08-19 20:39:00,CUST0050,Biryani,Main Course,1,320.0,320.0,UPI,Takeaway
1482,2024-08-19 20:39:00,CUST0050,Naan,Bread,1,40.0,40.0,Card,Takeaway
1483,2024-06-25 15:39:00,CUST0086,Mango Lassi,Beverages,1,90.0,90.0,Card,Dine-in
1483,2024-06-25 15:39:00,CUST0086,Masala Dosa,Breakfast,1,120.0,120.0,Card,Takeaway
1483,2024-06-25 15:39:00,CUST0086,Dal Tadka,Main Course,1,160.0,160.0,UPI,Dine-in
1484,2024-10-29 20:45:00,CUST0023,Mango Lassi,Beverages,1,90.0,90.0,Cash,Delivery
1485,2024-04-06 20:53:00,CUST0005,Dal Tadka,Main Course,3,160.0,480.0,Card,Dine-in
1486,2024-11-27 14:56:00,CUST0003,Mango Lassi,Beverages,3,90.0,270.0,Cash,Dine-in
1487,2024-07-31 18:39:00,CUST0026,Filter Coffee,Beverages,1,60.0,60.0,UPI,Takeaway
1488,2024-08-05 21:31:00,CUST0006,Biryani,Main Course,1,320.0,320.0,Card,Delivery
1488,2024-08-05 21:31:00,CUST0006,Filter Coffee,Beverages,1,60.0,60.0,Cash,Delivery
1489,2024-02-27 21:05:00,CUST0012,Filter Coffee,Beverages,3,60.0,180.0,UPI,Takeaway
1490,2024-11-08 13:40:00,CUST0017,Paneer Tikka,Starter,2,180.0,360.0,UPI,Delivery
1490,2024-11-08 13:40:00,CUST0017,Filter Coffee,Beverages,1,60.0,60.0,UPI,Delivery
1491,2024-08-20 20:36:00,CUST0091,Mango Lassi,Beverages,3,90.0,270.0,UPI,Takeaway
1491,2024-08-20 20:36:00,CUST0091,Gulab Jamun,Dessert,1,80.0,80.0,Card,Delivery
1492,2024-02-01 21:10:00,CUST0064,Dal Tadka,Main Course,1,160.0,160.0,Cash,Dine-in
1492,2024-02-01 21:10:00,CUST0064,Butter Chicken,Main Course,1,280.0,280.0,UPI,Takeaway
1493,2024-05-20 15:47:00,CUST0009,Masala Dosa,Breakfast,2,120.0,240.0,Card,Dine-in
1494,2024-03-30 14:15:00,CUST0078,Filter Coffee,Beverages,2,60.0,120.0,UPI,Dine-in
1495,2024-09-10 11:49:00,CUST0050,Samosa,Starter,2,50.0,100.0,Cash,Dine-in
1496,2024-06-25 13:48:00,CUST0027,Butter Chicken,Main Course,1,280.0,280.0,UPI,Takeaway
1496,2024-06-25 13:48:00,CUST0027,Masala Dosa,Breakfast,1,120.0,120.0,Card,Dine-in
1497,2024-07-18 19:33:00,CUST0023,Butter Chicken,Main Course,1,280.0,280.0,UPI,Delivery
1497,2024-07-18 19:33:00,CUST0023,Dal Tadka,Main Course,1,160.0,160.0,Cash,Dine-in
1497,2024-07-18 19:33:00,CUST0023,Samosa,Starter,2,50.0,100.0,Card,Takeaway
1498,2024-11-08 17:21:00,CUST0086,Paneer Tikka,Starter,1,180.0,180.0,Card,Takeaway
1499,2024-05-03 09:33:00,CUST0022,Masala Dosa,Breakfast,1,120.0,120.0,Cash,Delivery
1500,2026-05-08 11:22:07,CUST9999,Biryani,Main Course,2,320.0,640.0,UPI,Dine-in
